Part No,Description,Bin Location 1,Stock,Last Receipt,Av Cost
01.1002,filter - cabin - pollen,G2,4,17-07-2024 09:07:15,112.29
016488,HOUSG PLUG SEAL,G5,90,27-03-2025 09:30:48,30.46
02.2063,filter - air - panel,G2,2,17-07-2024 09:07:15,114.98
023308,WELCH-PLUG,G5,3,07-07-2022 09:50:44,0.01
023403,PLUG-CORE,G5,1,01-07-2024 08:24:19,0.01
031129,OIL DRAIN PLUG,G5,4,01-07-2024 08:24:19,0.01
031132,OIL DRAIN PLUG,g6,1,01-07-2024 08:24:19,0.01
031338,DRN PLUG GASKET,G5,14,27-03-2025 09:30:48,9.72
03C115561H,OIL FILTER,F4,1,02-04-2025 11:12:43,190.1
04105409AE,OIL FILTER ENGINE OIL,E7,17,17-12-2024 16:14:38,258.7
04318060GD,ADDITIVE AXLE,LUBRICANT,12,14-04-2025 16:16:02,197.31
04318067GB,LIQUID WINDSHIELD WASHER,LUBRICANT,24,28-10-2024 08:54:24,126.97
04318080GD,LIQUID BRAKE,LUBRICANT,12,05-05-2025 09:15:46,210.55
04549625GF,LIQUID BRAKE,LUBRICANT,11,28-10-2024 09:32:09,573.84
04593914AB,FILTERING ELEMENT AIR,E7,1,28-10-2024 09:34:06,228.35
04596198,PLUG RADIATOR,E7,2,11-04-2025 14:53:14,744.84
04673702AB,PROTECTION FLOOR PAN,SPECIAL ORDER,1,13-05-2025 11:41:07,745.08
04726067AB,FUEL FILTER FUEL/WATER SEPARATOR,E7,8,12-02-2025 15:04:31,1208.74
04781452BF,OIL FILTER ENGINE OIL,NO - BIN,12,24-04-2025 14:27:18,183.72
04782684AB,BUSHING STABILIZER BAR,(Blanks),2,08-04-2025 09:17:37,138.44
04861688AB,FILTERING ELEMENT AIR,E7,3,04-03-2025 10:59:02,604.49
04861756AA,FILTERING ELEMENT AIR,E7,2,06-05-2025 15:11:50,745.28
04884688AD,LEVEL ROD ENGINE OIL LEVEL,(Blanks),1,19-02-2025 13:50:11,65.86
04884899AC,OIL FILTER ENGINE OIL,E7,8,28-10-2024 11:04:57,226.94
04884899BC,OIL FILTER ENGINE OIL,E7,12,28-10-2024 11:04:57,165.85
04891176AA,FILTERING ELEMENT AIR,(Blanks),1,24-04-2025 14:38:23,381.3
04891596AC,FIXED TIGHTENER IDLER,E7,3,28-10-2024 11:04:57,377.48
04892339AB,OIL FILTER ENGINE OIL,unknown,1,04-03-2025 10:59:02,235.03
04892339BE,OIL FILTER ENGINE OIL,E7,24,14-04-2025 16:13:18,545.89
04895482AC,TIE  ROD STABILIZER BAR,(Blanks),1,08-04-2025 09:17:37,1372.49
04895483AC,TIE  ROD STABILIZER BAR,(Blanks),1,23-04-2025 13:06:54,1392.24
05033313AA,SENSOR COOLANT TEMPERATURE,E7,1,04-04-2025 16:24:51,107.12
05033314AA,SENSOR TEMPERATURE,E7,1,04-04-2025 16:24:51,126.58
05058492AE,FLEX. HOSE RADIATOR INLET,E7,1,09-05-2025 10:39:10,1548.6
05058693AA,AIR FILTER CABIN AIR,E7,1,24-04-2025 14:27:18,313.23
05105103AC,CUSHION SWAY ELIMINATOR,E7,2,28-10-2024 10:04:30,161
05105672AC,BRACKET VAPOR CANISTER,SPECIAL ORDER,1,13-05-2025 11:42:17,39.88
05116052AC,REINFORCEMENT REAR BUMPER,SPECIAL ORDER,1,24-04-2025 14:37:34,2544.51
05116241AL,TAIL LAMP TAIL STOP TURN SIDEMARKER,SPECIAL ORDER,1,24-04-2025 14:37:34,4580.88
05136035GC,LUBRICANT,FLOOR,6,28-10-2024 09:40:29,1397.88
05147059AB,VAPOR TRAP VAPOR,SPECIAL ORDER,1,24-04-2025 14:37:34,2041.3
05149062AB,SENDING UNIT OIL PRESSURE,E7,1,28-10-2024 09:29:40,1742.5
05149077AB,SENSOR FLUID TEMPERATURE,unknown,1,14-04-2025 16:26:30,144.95
05184231AB,OIL FILTER ENGINE OIL,NO - BIN,11,14-04-2025 16:26:30,306.09
05184296AH,ROCKER VALVE,(Blanks),1,13-05-2025 12:01:41,182.16
05184332AA,REGULATING ASSY VALVE LASH,(Blanks),1,13-05-2025 12:01:41,118.71
05189428AC,SWITCH HORN,grant,1,13-05-2025 11:43:42,2467.82
05191271AC,BRAKE    PAD-SET REAR DISC BRAKE,E7,1,24-04-2025 14:27:18,1794.1
05278767AB,PLUG RADIATOR,E7,2,28-10-2024 10:04:30,396.62
05281090AB,OIL FILTER ENGINE OIL,E7,12,28-10-2024 11:04:57,227.06
06502738,NUT WHEEL,NO - BIN,20,27-02-2025 13:10:53,94.98
06505316AA,NUT HEX FLANGE LOCK,unknown,2,14-04-2025 16:26:30,119.1
06506100AA,PLUG OIL DRAIN,unknown,3,14-04-2025 16:26:30,220.63
06507741AA,PLUG OIL DRAIN,E7,4,04-11-2024 14:54:24,145.69
06509422AA,NUT WHEEL,willem,3,15-01-2025 14:52:15,105.27
06509772AA,SCREW NONE,E7,8,28-10-2024 10:00:47,134.38
06510734AA,PIN PUSH,E7,8,07-05-2025 16:01:03,13.72
06511051AA,STUD HEX HEAD,ALLAN,4,27-01-2025 16:12:04,91
06513414AA,PLUG OIL DRAIN,E7,10,05-05-2025 09:15:46,127.96
080678,SCREW WITH BASE,G5,2,08-08-2023 14:04:06,0.01
081830,CHAIN GUIDE,ALLAN,1,13-05-2025 11:36:19,161.93
082026,BOLT PIN,BIDLEE,2,07-05-2025 15:57:20,64.03
082027,BOLT PIN,BIDLEE,1,07-05-2025 15:57:20,41.95
0831T6,MOTOR KIT,WORKSHOP,1,08-08-2023 14:04:06,0.01
10070071570000,V-RIBBED BELT,G1,1,17-01-2025 08:46:29,402.03
10070151570000,OIL SEPARATION DEVICE,G1,1,17-01-2025 08:46:29,148.06
10110441560000,OIL FILTER,G1,8,17-01-2025 08:46:29,123.76
10130352060100,SPARK PLUG,G1,20,17-01-2025 08:46:29,205.84
10261060,SEALING GASKET,E7,13,27-01-2025 16:10:45,7.24
1034,GLOBE D/CONTACT,E1,13,07-05-2025 14:06:36,4.84
1035,85W90- 1 liter Gear oil,LUBRICANT,39,09-05-2025 15:39:21,135.8
1073,GLOBE S/CONTACT,E1,3,16-01-2025 11:47:16,5.12
11023582,DRAIN COKE WASHER (046014 20),E4,11,02-05-2025 14:54:02,6.98
11055490,FUSE,E7,9,06-03-2025 11:07:24,26.49
11096251,BULB,E1,8,04-04-2025 15:12:22,38.38
1109AL,OIL FILTER,E4,10,14-04-2025 16:08:28,143.56
1109AN,OIL FILTER,E4,25,01-07-2024 08:24:19,0.01
1109AY,OIL FILTER (W),E4,14,02-05-2025 14:54:02,159.33
11126AA000,GSKT-DRAIN PLUG,g7,4,13-03-2025 13:43:37,17.93
11546513,BOLT/SCREW-FLYWHL,E5,5,13-05-2025 11:22:48,51.52
11548379,BOLT,E5,2,27-05-2024 15:12:30,27.16
116234,PADS RR BOXER,G3,1,01-07-2024 08:24:19,0.01
12060C1,H27 BULB,E1,1,08-08-2023 14:04:06,0.01
12180SVC1,INDICATOR BULB,E1,2,01-07-2024 08:24:19,0.01
122404,FRONT/REAR BELLOW,,1,10-02-2025 08:28:15,941.28
12276C1,FRT FOG LP,E1,2,20-12-2024 13:44:09,246.51
12538938,BATTERY  R/CON DR  IMPALA-18/MULTI,E5,21,05-05-2025 15:16:21,29.77
12616850,DRN PLUG GASKET,E5,21,07-04-2025 12:05:32,133.46
12625566,VALVE-EXH CLRDO-13,E5,7,13-03-2025 09:27:31,448.25
12628079,RING KIT-PSTN CLRDO-13,E5,5,13-03-2025 09:27:31,1985.08
12646457,ASSEMBLY PISTON,A1,4,06-05-2025 14:35:35,2634.68
12654958,ROD-CONN-V300-13,A1,1,02-05-2025 09:50:52,2543.6
12656517,SPARK PLUG,E1,2,07-07-2022 09:50:44,0.01
12701385,VLV SOLENOID CAMSHFT,E5,2,11-01-2024 14:28:46,1249.22
13028AA231,BELT-TIMING,g7,1,29-08-2024 10:33:30,1081.83
13028AA240,BELT-TIMING,g7,1,10-07-2023 16:33:12,2031.08
13033AA042,ADJ AY-BELT TENSR,g7,2,24-08-2023 14:48:38,1630.46
13073AA142,IDLER CP-BELT,g7,2,10-07-2023 16:33:12,633.06
13073AA190,IDLER COMPL-BELT,g7,1,29-08-2024 10:33:30,462.02
13073AA230,IDLER COMPL-BELT,g7,1,10-07-2023 16:33:12,470.5
13085AA080,"IDLER CP-BELT,NO2",g7,1,11-05-2023 10:04:15,538.26
13085AA101,"IDLER CP-BELT,NO2",g7,1,29-08-2024 10:33:30,609.84
13118271,HOSE RAD INL,E5,1,10-03-2023 10:38:29,751.5
1312A4,FLANGE,G5,8,08-08-2023 14:04:06,0.01
13141999,CVR MIRROR HOUSING RH PRIMED,E5,1,07-07-2022 09:50:44,0.01
13144822,SCREW,E5,1,07-07-2022 09:50:44,0.01
1319N4,O-RING,G5,2,26-03-2021 12:32:47,48.89
1319N5,CIRCLIP,G5,1,01-07-2024 08:24:19,0.01
13214182,ACTUATOR ASM-R/CMPT,WORKSHOP,1,08-08-2023 14:04:06,0.01
1324408TBW0100,OIL SEAL OF FILTER COVER,G1,8,17-01-2025 08:46:29,43.54
1324409TBW0100,LOCK PIN?POSITION PLATE,G1,8,17-01-2025 08:46:29,286.41
13271190,FILTER- PASS COMPT AIR,E2,1,05-08-2024 08:02:52,83.56
13272717,ELEMENT- A/CL,E2,6,05-12-2022 10:00:58,221.51
13278000A,GLOBE D/TIME RUNNING,E1,25,07-07-2022 09:50:44,0.01
13334021,BUSHING- FRT LWR CONT ARM RR (PART OF 10,E5,2,07-07-2022 09:50:44,0.01
1336L1,SCREW WITH BASE,G5,8,30-01-2023 09:34:37,8.97
1338A0,THERMO FITTING,G5,1,07-07-2022 09:50:44,0.01
13390573,HARNESS ASSY TRAILER,E5,1,07-07-2022 09:50:44,0.01
134089,O-RING,G5,3,01-07-2024 08:24:19,0.01
13450275,CAP- BLANKING- 24MM,E5,4,07-07-2022 09:50:44,0.01
13465094,TANK-RAD SURGE-CRUZE-12-17,E5,2,14-10-2024 14:30:02,1077.27
13470637,SENSOR-FRT WHL CRUZE-16,E5,1,09-12-2024 15:07:00,1151.49
13502059,BRAKE DISC,E5,2,08-08-2023 14:04:06,0.01
13502398,MIRROR MOTOR,E5,1,08-08-2023 14:04:06,0.01
13507405,VALVE-TYRE-KIT-(FOR,E5,1,01-07-2024 08:24:19,0.01
1351VF,BYPASS PIPE,G5,1,08-04-2025 08:45:13,516.74
13581561,SENSOR TIRE PRESS IN,E5,1,25-04-2025 14:02:23,2410.04
1359644080,FILTERING ELEMENT,E9,4,28-10-2024 09:00:19,448.92
1368127080,FUEL FILTER,NO-BIN,1,30-04-2025 08:20:39,3048.66
1444TT,AIR FILTER,E3,2,14-04-2025 16:08:28,270.8
1444TV,AIR FILTER (W),E3,4,02-05-2025 14:51:17,267.76
1444VK,AIR FILTER,E3,2,01-07-2024 08:24:19,0.01
1444VL,AIR FILTER,G2,9,01-07-2024 08:24:19,0.01
1444XE,AIR FILTER,E3,2,08-08-2023 14:04:06,0.01
1444XF,AIR FILTER,E3,6,31-05-2021 15:38:11,226.03
14457081,SEALING GASKET,E7,1,28-10-2024 11:04:57,76.63
14463980,SEAL,E7,4,14-11-2024 14:13:49,50.94
15208AA031,OIL FILTER COMPLETE,g7,4,30-03-2023 13:48:41,146.34
15208AA100,ELEM CP-OIL FLTR,g7,3,07-03-2025 13:55:29,102.35
15208AA110,ELEM CP-OIL FLTR,g7,1,23-08-2024 09:25:41,166.74
15208AA130,ELEM CP-OIL FLTR,g7,15,17-08-2023 12:11:30,20.33
15208AA160,ELEM CP-OIL FLTR,g7,13,12-05-2025 12:57:45,127.42
15208AA170,ELEM CP-OIL FLTR,g7,3,23-10-2024 15:57:24,126.37
1567C6,FUEL FILTER,E4,5,14-04-2025 16:08:28,156.47
15778699,SEAL-FUEL PRESS SEN,E5,4,08-08-2023 14:04:06,0.01
1606267680,FILTERING PAD,E4,12,22-05-2023 16:05:03,601.72
1606402680,AIR FILTER,E2,3,04-03-2025 10:36:30,343.23
1606466680,PULLEY SCREW,g6,1,07-07-2022 09:50:44,0.01
1607397880,FRONT BUMPER,Container,1,11-01-2024 09:08:42,6447.35
1607577780,SPARK-PLUG,E1,2,01-07-2024 08:24:19,0.01
1608378180,FIXING ASSEMBLY,G4,1,02-04-2025 16:22:53,358.76
1608733780,BAG OF 3 SEALS,g6,1,02-04-2025 16:23:24,340.79
1608747480,MOTOR KIT,g6,1,06-05-2024 13:20:39,2280.9
1609428080,BTCH OF FILTERS,E2,8,03-04-2024 14:44:14,279.42
1609428180,CHARCOAL FILTER,E3,7,11-04-2024 08:57:51,412.91
1609582880,2 DISCS KIT PRO,G5,1,01-07-2024 08:24:19,0.01
1609907380,AIR FILTER,E3,3,07-07-2022 09:50:44,0.01
1609998780,E:2 PC FILT SET (W),E3,1,01-07-2024 08:24:19,0.01
1610699280,4 BRAKE PADS/F,g6,1,01-07-2024 08:24:19,0.01
1610704680,FRONT DISKS KIT,G5,1,01-07-2024 08:24:19,0.01
1610725580,BRAKE FLUID,LUBRICANT,81,17-12-2024 11:59:52,94.35
1611187480,COVER-ENG BLK,g6,1,17-04-2025 14:12:37,1069.27
1611718680,INJECTOR KIT,g6,5,08-08-2023 14:04:06,0.01
1611846480,GAUGE WITH PUMP,g6,1,10-10-2023 15:53:21,3243.66
1611909180,WASHER LIQUID,LUBRICANT,81,11-01-2024 14:28:46,44.37
1612163180,E:V BELT,G5,1,08-08-2023 14:04:06,0.01
1612435380,BRAKE DISC,G5,2,08-08-2023 14:04:06,0.01
1612866580,E:AIR FLT ELT,E2,1,06-05-2025 14:33:29,137.31
1612889480,E:EL AIR FILTER,E3,2,29-11-2023 14:02:22,135.77
1612920180,E:POL FILTER,E3,1,13-11-2024 15:06:01,130.77
1613215680,FLAT BLADE,hang,3,11-11-2024 15:34:32,384.14
1613590280,HOG RING,WORKSHOP,5,05-09-2024 11:22:20,158.26
1615099980,OIL,LUBRICANT,43,01-04-2025 09:31:46,74.78
1615646880,CHARCOAL FILTER,E2,7,08-05-2024 13:56:21,478.52
1616399880,OIL FILTER,E4,8,06-03-2025 10:50:43,151.33
1616854180,DRN PLUG GASKET,E4,4,01-11-2024 08:32:31,147.64
1617039680,FLAT BLADE,hang,2,26-10-2023 15:30:14,263.18
1618048280,RR VIEW MIRROR,WORKSHOP,1,02-06-2023 12:49:36,744.46
1618048380,MIRROR CAPPING,unknown,1,04-02-2025 08:57:15,837.26
1618048480,MIRROR CAPPING,WORKSHOP,1,02-05-2023 14:05:04,711.35
1621267280,ACCESSORY KIT,g6,1,23-09-2024 14:29:50,1045.56
1622749580,RIVET,g6,28,07-07-2022 09:50:44,0.01
1622750380,HOG RING,g6,35,08-08-2023 14:04:06,0.01
1623096280,E: COOLANT PUMP,,2,04-03-2025 10:35:38,887
1623335480,E:RR SH ABS PSA,g6,2,01-07-2024 08:24:19,0.01
1625938680,E:SPARK PLUG,E1,8,06-09-2024 13:33:09,43.16
1630633180,BRAKE DISC,G5,2,01-07-2024 08:24:19,0.01
1631806280,BUMPR DEFLECTOR,(Blanks),1,08-05-2025 09:03:40,4924.13
1631831780,4 BRAKE PADS/R,g6,1,13-11-2024 15:06:01,1174.88
1632745480,SPARK-PLUG,E1,10,22-10-2024 13:43:00,67.57
1635157180,WIPER BLADE,g6,2,17-01-2023 09:03:33,177.95
1635454280,E:FLT WPR BLDS,hang,4,05-12-2023 08:02:23,135.41
1635771880,E:SUSP BALL JT (W),g6,1,07-07-2022 09:50:44,0.01
1636264180,E:BRAKE CLEAN,LUBRICANT,7,11-11-2022 11:31:57,52.69
1636461780,BRAKES CLEANER,LUBRICANT,12,31-01-2025 09:29:14,77.13
1637756080,ANTIFREEZE,LUBRICANT,46,19-08-2024 16:17:10,166.19
1637756380,COOLING LIQUID,LUBRICANT,19,14-04-2025 16:11:24,357.55
1638026280,E:EL AIR FILT,E3,2,09-05-2025 10:29:24,157.1
1638028080,E:EL AIR FILTER,E3,3,29-11-2023 14:02:22,166.49
1642333980,FLAT BLADE,hang,3,11-11-2024 15:33:46,414.8
1642335180,FLAT BLADE,hang,1,01-07-2024 08:24:19,0.01
1642340880,FLAT BLADE,hang,1,19-02-2024 16:32:52,443.23
1647868480,FRONT DISKS KIT,G5,1,27-08-2024 08:26:26,2393.27
1647874380,4 BRAKE PADS/R,g6,1,04-12-2024 11:35:05,2055.24
1647874380,4 BRAKE PADS/R,g6,1,05-08-2024 14:34:46,2055.24
1648406880,E.PLUG ERP,E1,5,04-12-2023 09:08:35,176.09
1648406980,E:PLUG ERP 60,E1,12,01-07-2024 08:24:19,0.01
1648407180,E:PLUG ERP 60,E1,2,02-05-2025 14:51:17,190.93
1654507180,SET OF SEALS,(Blanks),1,27-03-2025 09:30:48,476.57
1654509380,SPARK-PLUG,E1,21,02-05-2025 14:51:17,299.06
1654513680,PUMP SOL VLV SL,g6,1,02-10-2023 16:07:05,17.59
1654514680,TIMING BELT,hang,1,03-10-2024 14:50:14,851.84
1654515580,BELT KIT,G5,2,02-06-2023 08:35:22,878.66
1654515680,COMPLETE KIT,g6,1,27-03-2025 09:07:35,4911.14
1654516080,MOTOR KIT,g6,1,03-10-2024 14:51:43,2209.27
1654517280,SPARK-PLUG,E1,13,02-05-2025 14:51:17,403.49
16546AA020,ELEMENT-AIR CLNR,g7,1,21-02-2025 09:01:19,282.8
16546AA090,ELEMENT-AIR CLNR,g7,2,30-03-2023 13:48:41,315.81
16546AA120,ELEMENT-AIR CLNR,g7,5,05-05-2025 10:42:27,295.75
16546AA150,ELEMENT-AIR CLNR,g7,3,13-03-2025 13:42:34,262.23
1667442580,E:OIL FILTER,E4,6,10-02-2025 15:10:08,159
1667800780,INTAKE FILTER,E3,5,02-04-2025 16:22:53,270.58
1667817080,E:4 FR BR PAD,g6,1,08-02-2024 14:01:43,897.67
1668203280,AIR FILTER,E3,4,18-03-2025 08:59:01,379.66
1668205580,DRIVE BELT,hang,1,29-04-2025 07:44:29,217.5
1668207380,SEAL,g6,2,14-04-2025 16:11:24,8.82
1669671080,WINDSCREEN GLAS,BIDLEE,1,08-05-2025 09:03:44,9237.06
1671708080,TURBO GASKET,g6,5,27-07-2023 14:14:12,663.5
1671902880,BRAKE SHOE,,2,06-05-2025 14:33:29,517.35
16719697ZD,STEER WHEEL PAD,WORKSHOP,3,10-01-2025 13:24:34,10351.46
16719698ZD,STEER WHEEL PAD,G5,1,20-03-2025 14:25:07,10425.16
1671969980,PASSENG AIRBAG,E1,2,20-03-2025 14:25:07,6793.93
1673603880,4 BRAKE PADS/R,g6,1,13-09-2024 12:36:28,1791.16
1675941180,TIMING TENSIONR,(Blanks),1,07-05-2025 15:57:20,1445.13
1675993680,E:4 FR BR PADS,E5,2,01-07-2024 08:24:19,0.01
1677735080,DRAIN PLUG,E6,2,13-02-2025 12:40:45,1860.7
1677735280,SEAL,unknown,2,25-03-2025 08:47:30,1580.92
1678168180,4 BRAKE PADS/F,g6,1,01-07-2024 08:24:19,0.01
1678169480,ACCESSORY KIT,G5,1,01-07-2024 08:24:19,0.01
1679816980,OIL FILTER,E4,4,02-05-2025 14:51:17,645.28
1679993980,4 BRAKE PADS/F,g6,1,14-10-2024 14:28:17,1509.42
1680791780,4 BRAKE PADS/F,g6,1,01-07-2024 13:00:08,3337.19
1681348080,DRN PLUG GASKET,g6,8,02-05-2025 14:54:02,19.58
1682775680,FLAT BLADE,hang,1,19-02-2024 16:36:15,252.38
1682801680,DRN PLUG GASKET,g6,31,14-10-2024 14:28:17,115.9
1682802280,END-SCREW GASKT,g6,2,23-10-2023 13:45:23,83.51
1682953480,E:OIL FILTER,E4,1,06-09-2024 13:32:28,51.82
1682953580,E:OIL FILTER,E4,1,25-04-2025 14:02:23,115.89
1684443880,HANDBRAKE CABLE,WORKSHOP,1,06-05-2025 14:17:25,481.79
1686726580,E:2 FR BR DISC,G5,1,06-09-2024 13:29:15,1037
1688651680,BRAKE DRUM,,4,06-05-2025 14:33:29,4179.16
1689816480,FLAT BLADE,hang,3,26-10-2023 15:24:43,200.09
1690956280,E: DIESEL FILTER,,7,02-05-2025 14:51:17,354.36
1691653180,FOAM FILTER,G5,1,13-05-2025 11:37:54,260.68
1692660480,WATER PUMP BELT,g6,1,21-01-2025 15:10:11,115.44
1693482880,E:SPARK PLUG,E1,4,13-05-2025 11:37:54,200.47
1693482980,E:SPARK PLUG,E1,4,04-04-2025 08:54:05,258.14
179964,OIL FILTER,G2,1,28-07-2023 11:36:06,209.25
18MD,SILICONE SPRAY,LUBRICANT,8,06-05-2025 07:52:52,71.16
190183,D/FILTER SEAL,E4,8,01-07-2024 08:24:19,0.01
190195,D/FILTER SEAL,G5,1,08-08-2023 14:04:06,0.01
190199,D/FILTER SEAL,E4,1,08-08-2023 14:04:06,0.01
1906C0,FILTERING PAD,E4,9,01-09-2021 12:18:14,379.11
1906E6,FILTERING PAD,E4,10,22-04-2025 14:34:33,625.44
1920KX,SENSOR,G5,1,21-02-2025 12:31:57,651.52
19315209,FILTER- OIL TERRAIN-17/MULTI {FA-SC},E4,4,02-05-2025 14:51:17,105.92
19348771,ELEMENT- OIL FLTR TB-13-19,E4,4,02-05-2025 14:51:17,122.04
19348772,ELEMENT ASM-A CL TB,E2,4,14-10-2024 14:28:17,416.33
19348774,FILTER- FUEL TB-13-19T,E4,4,02-05-2025 14:51:17,434.23
1BP00330AA,BRAKE    PAD-SET REAR DISC BRAKE,NO - BIN,1,24-04-2025 14:27:18,3731.53
2000034400,REPAIR SHOP'S FIXT,NO-BIN,1,02-05-2025 14:59:08,1009.71
2010005BSV0000,AIR FILTER ELEMENT,G1,2,17-01-2025 08:46:29,253.52
20204AG011,RUB BUSH ARM F R,g7,2,25-04-2025 14:59:22,333.47
20204AJ000,RUB BUSH ARM F F,g7,2,19-09-2024 12:05:58,218.35
20204AJ020,RUB BUSH ARM F R,g7,2,23-08-2023 15:58:14,212.02
20204XA00B9E,RUB BUSH ARM F R,g7,2,08-08-2023 14:04:06,0.01
20206AJ000,BALL JOINT COMPL,g7,2,25-04-2025 14:59:22,380.5
20-3187-01-2B,SO4 HEADLAMP RH,WORKSHOP,1,13-11-2024 08:31:32,910
20-3188-01-2B,SO4 HEADLAMP LH,WORKSHOP,1,13-11-2024 08:31:32,910
203708,FLYWHEEL SCREW,G5,24,11-04-2024 09:04:10,29.72
20914318,FRAME-WSW TRANS(LINKAGE ASSY.),E5,1,07-07-2022 09:50:44,0.01
2102,REAR TAILLAMP GLOBS,G1,1,16-01-2025 14:25:18,300
22401AA570,PLUG-SPARK,g7,4,09-01-2025 13:12:34,283.78
22401AA670,PLUG-SPARK,g7,10,08-07-2022 12:44:52,255.25
22401AA700,PLUG-SPARK,g7,10,08-08-2023 14:04:06,0.01
22401AA751,PLUG-SPARK,g7,2,08-08-2023 14:04:06,0.01
22401AA781,PLUG-SPARK,g7,8,21-11-2024 14:34:26,424.85
22401AA801,PLUG-SPARK,g7,10,08-08-2023 14:04:06,0.01
22401AA880,PLUG-SPARK,g7,8,13-03-2025 13:42:34,424.85
22401KA210,PLUG-SPARK,g7,4,09-12-2024 14:55:35,63.4
22745824,ELEMENT ASM-A/CL,E3,1,06-02-2024 09:35:14,469.79
22753219,FILTER-PASS COMPT AIR -C140 -11,E3,1,19-12-2024 15:14:00,653.38
2327,Leichtlauf High Tech 5W40 Synthetic Oil,F6,3,09-12-2024 14:51:48,96.21
2328,HIGH TECH 5W 40 OIL 5L,LUBRICANT,3,06-11-2024 12:12:29,484.47
24000053,GAC Motorcool Guard,LUBRICANT,20,08-04-2025 08:57:05,67.26
24000054,GAC Motor Stop Guard,LUBRICANT,20,08-04-2025 08:57:05,76.46
242229699,SPARK PLUG,E1,1,01-07-2024 08:24:19,0.01
24271971,PLATE-3-5 REV CLU APPLY,E5,3,07-07-2022 09:50:44,0.01
24301443,CLUTCH PLATE,E5,2,07-07-2022 09:50:44,0.01
24436052,PULLEY ASM-TMG BELT IDLER CRUZE-17/MULTI,E5,1,13-11-2024 14:53:58,445.89
24438034,RETAINER,E5,1,07-07-2022 09:50:44,0.01
24445245,CLAMP-RAD SURGE TK INL CRUZE-18/MULTI,E5,4,08-08-2023 14:04:06,0.01
24591047,BELT - TIMING,E5,2,31-10-2023 14:48:04,1651.03
25182776,BELT,E5,1,01-07-2024 08:24:19,0.01
25189435,CABLE ASM-M/TRNS SHFT LVR,E5,1,07-07-2022 09:50:44,0.01
25190809,SEAL IGN COIL,E5,2,01-07-2024 08:24:19,0.01
25192537,HOUSING-SHFT CONT (W/SHF CONT SHF),E5,1,07-07-2022 09:50:44,0.01
25193473,SPARK PLUG ASM CRUZE,E1,1,06-11-2023 10:54:20,136.23
25193550,PLUG- ASSY.- SPARK,E1,2,14-02-2025 15:42:51,242.34
25194475,GASKET-SHFT CONT HSG CVR CRUZE-17/MULTI,E5,5,09-04-2021 12:25:00,31.46
25195605,BEARING,E5,4,07-07-2022 09:50:44,0.01
25195785,FILTER OIL AVEO16-18T  ALT PSA1682953580,F4,10,29-04-2025 14:51:58,147.32
25201065,SENSOR-KNOCK CRUZE-17/MULTI,E5,1,08-08-2023 14:04:06,0.01
25203036,CYL-HEAD COVER,E5,1,04-04-2025 16:11:46,2674.12
2560,TOURING HIGH TECH 1L,LUBRICANT,6,08-08-2023 14:04:06,0.01
26296FJ020,PAD KIT F,g7,1,09-01-2025 13:12:34,2770.07
26296FL032,PAD KIT F,g7,1,24-01-2025 08:06:49,1438.68
26296SC011,PAD KIT,g7,1,25-04-2025 14:59:22,2540.8
26296SG000,PAD KIT F,g7,1,29-08-2024 10:33:30,1944.6
26298FL001,SHIM KIT F,g7,1,12-02-2025 16:44:53,447.34
26696AG031,PAD KIT-R,g7,1,13-11-2024 14:51:25,1192.08
26696AL020,PAD KIT R,g7,2,13-03-2025 13:42:34,1191.64
26696FJ000,PAD KIT R,g7,1,25-04-2025 14:59:22,985.19
27028AP,BALL JOINT LOWER,G3,4,21-09-2023 09:29:08,205.5
28171AJ001,WHEEL NUT,g7,3,23-10-2024 15:57:24,36.79
28365FE001,HUB BOLT,g7,8,29-04-2025 07:40:48,31
28411SC011,HOUSING ASSY R   LH,WORKSHOP,1,18-09-2024 08:14:15,2607.91
28473FL020,HUB UNIT COMPL R,g7,1,12-10-2023 15:03:06,1622.78
28473FL040,HUB UNIT COMPL R,g7,1,23-12-2024 09:07:56,2074.84
2AMGR053AA,u-joint,,1,13-05-2025 11:41:44,2092.03
30100AA970,DISK COMPL-CLUTCH,g7,1,25-04-2025 14:52:22,3748.13
30210AA720,COVER CP-CLUTCH,g7,1,25-04-2025 14:52:22,3823.71
302120,GAC Motor Oil 210 litre,LUBRICANT,201,17-01-2025 08:18:30,98.72
302133,GAC Premium oil 5 Litre,LUBRICANT,4,17-01-2025 08:27:04,577.65
30502AA121,BRG-CLUTCH REL,(Blanks),1,25-04-2025 14:52:22,417.56
30502AA141,BRG-CLUTCH REL,g7,1,17-09-2024 12:26:09,453.43
30531AA132,LEVER-CLUTCH REL,g7,1,17-09-2024 12:26:09,235.08
30531AA180,LEVER-CLUTCH REL,unknown,1,25-04-2025 14:52:22,337.85
30539AA000,CLIP,g7,1,17-09-2024 12:26:09,9.2
3093,BRAKE FLUID 500ml,LUBRICANT,15,24-04-2025 14:50:13,76.93
312518,DIFFER BEARING,G5,1,01-07-2024 08:24:19,0.01
31338,ENGINE DRAINING PLUG,G5,5,01-04-2025 09:43:47,10.19
31825AA055,BODY AY-CONT VLV KIT,unknown,1,05-05-2025 14:36:46,15465.56
325204,SCREW,G5,2,07-07-2022 09:50:44,0.01
3374428,RADICOOL SF 12X1L,E2,2,08-02-2025 10:51:15,127.65
3397006835,"W/BLADE A/TWIN 22""",hang,2,01-07-2024 08:24:19,0.01
3397006837,"W/BLADE A/TWIN 24""",hang,1,15-05-2023 10:30:20,234
3397008530,"16"" AEROTWIN BLADE",hang,3,08-08-2023 14:04:06,0.01
3426547,TRANSMAX AXLE LL 75,LUBRICANT,1,19-09-2024 15:56:06,303.14
3426632,CASTROL DEXRON VI (,LUBRICANT,2,30-05-2024 13:45:23,248.98
3433525,TRANSMAX AXLE LL 75,E3,2,31-03-2025 16:35:45,270.27
3510010CRV0000,BRAKE DISCFR,G1,2,17-01-2025 08:46:29,1339.15
3510010DSV0000,BRAKE DISC FR,G1,2,17-01-2025 08:46:29,1546.2
3520006CRV0000,BRAKE DISCREAR,G1,2,17-01-2025 08:46:29,1391.19
3520006DSV0000,BRAKE DISC RR,G1,2,17-01-2025 08:46:29,1283.02
3536966,DRN PLUG GASKET,E6,8,04-04-2025 08:54:05,128.96
362230,SELF LOCKG NUT,G5,4,17-07-2023 09:45:13,13.25
364813,SCREW WITH BASE (W),G5,7,07-07-2022 09:50:44,0.01
3648899,SPARK PLUG PKG-.,E1,7,07-07-2022 09:50:44,0.01
3651,TOPTEC ATF 1100 1LT,LUBRICANT,7,06-11-2024 12:12:29,136.16
3662,CVT OIL TOPTEC 1400 1LT,LUBRICANT,29,12-12-2024 15:22:11,260.39
373933,HUB FIXING NUT,G5,1,19-08-2024 16:12:18,205.78
374046,WHEEL HUB PLUG,G5,1,06-05-2025 14:33:29,84.69
39030321,ELEMENT-A/CL CRUZE-1,E3,1,03-03-2025 12:55:57,130.43
39090003,RESISTOR-FAN MOTOR,E5,2,07-07-2022 09:50:44,0.01
39090004,HSNG- ASSY.- WITH FAN MOTOR- LOWER,E5,1,07-07-2022 09:50:44,0.01
39187023,ADAPTER 13 PIN TO 7,E5,2,07-07-2022 09:50:44,0.01
42052FL610,BRKT PUMP,g7,1,10-04-2025 09:44:37,1254.04
42052SG120,BRKT PUMP,g7,2,03-10-2024 13:57:12,1318.35
42072AA121,FILTER ASSY TANK SUB,g7,1,06-12-2024 13:11:53,74.97
42072AJ060,FILTER ASSY FUEL,g7,1,29-02-2024 16:15:43,1009.1
42348902,WINDOW OUTSIDE,E5,1,15-04-2024 08:46:51,642.54
42386928,AIR FILTER,E3,3,05-08-2023 12:25:55,252.88
42403118,LAMP ASM-B/U,WORKSHOP,1,08-08-2023 14:04:06,0.01
4249J6,BRAKE DISC,G5,1,13-01-2025 12:03:02,1102.07
42686719,SENSOR ASM-RR WHL SP,E5,1,01-07-2024 08:24:19,0.01
4411984LRDAE,DEPO TAIL LAMP LH,(Blanks),1,12-05-2025 09:03:07,690
4434,75W90- 1 LITER GEAR OIL,LUBRICANT,27,09-05-2025 15:39:21,259.54
4601P2,MASTER CYLINDER,G5,1,07-07-2022 09:50:44,0.01
46308326,BOOT,(Blanks),2,03-03-2025 10:28:53,197.99
46328345,SEAL,,1,13-05-2025 11:44:15,671.32
46328396,PLUG,E7,3,23-12-2024 14:32:44,144.57
46328660,FLAT WASHER,E7,7,27-11-2024 15:07:20,4.09
46329020,SEALING GASKET,NO-BIN,9,04-04-2025 16:24:05,80.17
46343218,OIL FILTER,E7,2,11-02-2025 08:53:30,405.12
46344791,SPARK PLUG,E7,5,06-03-2025 11:18:02,294.58
46344792,SPARK PLUG,E7,14,01-04-2025 14:39:35,264.77
46347171,OIL FILTER,E7,2,16-01-2025 15:09:50,141.16
46347517,LMBDA PROBE,E7,4,25-02-2025 09:47:02,796.73
46352316,TIMING BELT,E9,1,02-12-2024 14:59:21,182.71
46403659,TIMING BELT,E7,1,16-01-2025 15:10:20,385.24
46543812,BUSHING,NO-BIN,3,18-03-2025 16:35:48,89.06
46796687,OIL FILTER,E7,1,11-04-2025 14:50:28,148.58
46823509,PLUG,E7,9,28-10-2024 11:04:57,67.17
46823518,SEALING GASKET,E7,10,26-11-2024 09:24:00,71.2
4X22,O-RING,E1,5,07-07-2022 09:50:44,0.01
5006340IE,DELO 400MGX,LUBRICANT,4,08-08-2023 14:04:06,0.01
501,GLOBE,E1,28,17-04-2025 11:12:35,3.03
5033C3,REST CUP (W),G5,2,13-05-2025 11:35:44,361.34
503527,SHOCK-ABSORB.BALL T,G2,2,13-05-2025 11:35:44,683.13
503615,HEXAGONAL NUT,G5,7,28-11-2022 12:51:31,54.23
503623,BASE NUT,G5,9,14-02-2022 15:18:46,18.52
5038G6,SHOCK-AB BRACKT,G3,2,13-05-2025 11:35:44,1133.22
504386305,FLEX SLEEVE,(Blanks),1,17-04-2025 14:15:45,201.65
510-0073-10,csc ope,WORKSHOP,1,01-07-2024 08:24:19,0.01
51723323,WINDOW REGULATOR,NO-BIN,1,04-02-2025 09:08:05,548.02
51723324,WINDOW REGULATOR,NO-BIN,1,20-12-2024 15:25:16,708.99
51732681,SUPPORT,willem,1,27-03-2025 15:23:20,515.3
51736821,RESISTOR,NO-BIN,1,20-12-2024 15:25:45,1154.36
51775324,FILTERING ELEMENT,E7,2,28-10-2024 11:04:57,468.04
51806865,FILTERING ELEMENT,E7,2,14-04-2025 16:20:09,176.25
51830174,FILTERING ELEMENT,E7,1,04-03-2025 10:59:02,398.44
51881024,FILTERING ELEMENT,E7,5,22-04-2025 15:05:43,166.84
51977574,FILTERING ELEMENT,E7,10,16-04-2025 14:56:32,273.42
52017097,TANK,(Blanks),1,22-04-2025 15:04:15,380.21
52022378AB,FILTERING ELEMENT AIR,E7,2,14-01-2025 10:29:22,854.41
52028898AJ,THERMOSTAT NONE,E7,1,28-10-2024 09:30:53,1127.56
52028974AA,PLUG RADIATOR,E7,1,28-10-2024 09:31:42,549.07
52034852,PIN,ALLAN,6,05-05-2025 09:17:39,5.59
52041391,HOSE-RR BRK,E5,1,26-09-2023 14:07:21,322.34
52042281,LINK ROD,NO-BIN,1,13-05-2025 12:01:41,386.54
52063810,AIR FILTER,E7,1,28-10-2024 11:04:57,144.44
52074645,CUP-FRT S/D A/RST P,E5,1,07-07-2022 09:50:44,0.01
52078899,WIPER ARM,E7,2,28-10-2024 11:04:57,957.95
52081087,BEARING-FRT WHL TB-17,(Blanks),1,08-05-2025 09:03:44,6598.85
52090773,PROP,(Blanks),1,13-05-2025 11:57:05,296.97
52108332AA,SEALING GASKET OIL PAN,E9,9,19-03-2025 08:04:49,576.26
52118392,ABSORBER-RR SHK TB-1,WORKSHOP,1,08-08-2023 14:04:06,0.01
52127981,WINDOW REGULATOR,ALLAN,1,13-05-2025 11:53:27,1291.93
52130990,SOCKET RR FASCIA SIG,E5,1,07-07-2022 09:50:44,0.01
52201888,LINK ROD,E7,2,28-10-2024 11:04:57,207.4
52300300,SPANJAARD AIRCON,LUBRICANT,1,22-09-2023 08:04:44,72
52460600131,BRAKE & PARTS CLEAN,E2,3,08-05-2025 15:41:56,60.94
53020547AC,SEALING GASKET THERMOSTAT,E7,3,14-01-2025 10:25:23,79.35
53021536AC,COVER THERMOSTAT,E7,1,28-10-2024 11:04:57,89.41
5383000,DETACHABLE TOWBAR,SPECIAL ORDER,1,06-05-2025 17:13:38,4500
5416R4,WHEEL CAP,G5,1,07-07-2022 09:50:44,0.01
55037831AG,FLEX. HOSE HEATER SUPPLY AND RETURN,NO - BIN,1,06-05-2025 15:10:04,1235.4
55077895AD,SIDE LAMP SIDE REPEATER,SPECIAL ORDER,1,29-04-2025 15:01:12,544.19
55078105AC,TAIL LAMP REAR FOG,(Blanks),1,01-04-2025 09:57:27,2404.45
55111017AD,THERMOSTAT NONE,NO - BIN,1,14-01-2025 10:29:59,722.1
55111074AC,PLUG COOLANT RECOVERY BOTTLE,E8,1,01-04-2025 09:52:56,437.58
55157090AD,TYPE PLATE LIFTGATE,SPECIAL ORDER,1,24-04-2025 14:37:34,1137.91
55157091AD,TYPE PLATE LIFTGATE,SPECIAL ORDER,1,24-04-2025 14:37:34,1516.47
55182787,PLUG,NO-BIN,1,04-03-2025 10:45:32,67.55
55184773,PLUG,E7,7,28-10-2024 11:04:57,126.38
55188857,SPARK PLUG,E7,6,28-10-2024 11:04:57,145.93
55190069,OPEL CORSA ECU,WORKSHOP,1,01-10-2024 09:00:16,5800
55190788,SPARK PLUG,E7,6,11-03-2025 08:53:27,223.38
55192670,BIG END SHELLS,E7,6,13-05-2025 12:02:11,51.79
55195776,SPARK PLUG CABLE,NO-BIN,1,25-03-2025 08:46:59,471.46
55196309,SEALING GASKET,E7,10,17-12-2024 16:10:13,10.41
55207677,SENSOR,(Blanks),1,17-04-2025 14:15:01,2663.35
55224598,OIL FILTER,E7,8,06-03-2025 11:32:02,292.44
55224611,PLUG,E7,6,27-03-2025 15:22:58,84.61
55226083,SPARK PLUG,E7,16,02-12-2024 14:54:58,86.01
55229989,SEALING GASKET,E7,1,07-03-2025 14:57:43,9.38
55233645,SEALING GASKET,E7,2,28-10-2024 11:04:57,63.5
55239505,SEALING GASKET,willem,7,08-04-2025 08:48:33,47.68
55240963,SEALING GASKET,E7,1,28-10-2024 11:04:57,512.75
55249822,TRANS BELT,E9,1,02-12-2024 14:57:10,176.36
55249877,LMBDA PROBE,E7,1,07-03-2025 14:58:30,1200.13
55250936,SHAFT,E8,1,04-04-2025 16:24:51,451.42
55258443,BELT STRETCHER,E7,1,28-10-2024 11:04:57,465.36
55259565,SPARK PLUG,E7,14,13-03-2025 14:08:12,190.04
55270414,LMBDA PROBE,E7,1,13-03-2025 14:10:49,651.33
55278485,PROTECTION,E7,1,28-10-2024 11:04:57,691.42
55278507,SEALING GASKET,E7,1,28-10-2024 11:04:57,585.83
55280713,PLUG,E7,9,14-11-2024 14:11:58,34.18
55282233,BELT STRETCHER,E7,4,28-10-2024 11:04:57,430.81
55488030,FLYWHEEL ASM,g6,1,13-05-2025 11:22:48,11497.17
55490097,SPARK PLUG EQUINOX-1,E1,2,20-11-2024 08:06:53,321.58
55510812,PIPE  ASSY. WATER TU,E5,2,03-07-2023 13:53:25,961.39
55565385,SEAL/GASKET (OIL COO,E5,1,19-07-2023 14:39:54,1304.24
55568031,WATER PIPE(TURBO FEE,E5,1,29-07-2024 15:58:05,1978.98
55568033,SEAL-W/PMP,E6,1,14-10-2024 14:28:17,183.48
55568539,SEAL/GASKET (OIL FIL,E5,1,12-07-2023 14:42:54,743.27
55570291,BOLT-TIMING BELT TEN,E5,1,08-08-2023 14:04:06,0.01
55572350,ELBOW-CLU ACTR CYL P,unknown,1,13-05-2025 11:22:48,1169.37
55574902,VALVE- SOLENOID- TUR,E5,2,19-06-2024 14:20:03,2409.82
55583808,HOSE-ENG OIL CLR COO,E5,3,07-07-2023 16:18:26,1643.27
55593662,PLATE PKG-CLU PRESS,g6,1,13-05-2025 11:22:48,4241.04
55597499,CYLINDER ASM-CLU ACT,g6,1,13-05-2025 11:22:48,4058.91
55597500,PIPE ASM-CLU ACTR CY,FLOOR,1,13-05-2025 11:22:48,573.39
55702833,ELASTIC PAD,ALLAN,1,03-03-2025 10:28:53,1301.82
56032520AF,COIL IGNITION,E7,1,28-10-2024 10:04:30,2548.19
5699,SILICONE SEALER,G3,8,08-05-2025 15:41:56,44.37
57010401AD,BRACKET FASCIA SUPPORT,(Blanks),4,08-04-2025 09:17:37,114.23
5750ZQ,BELT (W),G5,1,21-08-2024 09:59:44,556.88
582A,W/BULB AMBER,E1,15,11-08-2020 08:03:31,12.83
59033065,16811619 ANTI FREEZE,LUBRICANT,6,01-04-2025 09:58:50,375.86
59033066,13133701 ABARTH OIL (2L),LUBRICANT,2,20-11-2024 14:57:22,1608.76
59033150,14111619 - SELINA K PURE ENERGY (1L),LUBRICANT,26,24-04-2025 14:27:18,286.52
59033166,14123701 SELINIA WR PURE ENERGY 5W-30 1L,LUBRICANT,15,13-05-2025 11:45:48,603.66
59033170,11573701 SELENIA MULTIPOWER C3 (1L),LUBRICANT,21.4,04-03-2025 10:53:37,297.76
59033173,13891639-SELENIA DIGITEK PUREENERGY (1L),LUBRICANT,20,06-03-2025 11:07:24,254.39
59033207,1388 SELENIA WR FORWARD SAE 0W-30 (5L),LUBRICANT,10,01-04-2025 09:54:53,559.31
59033326,22691619 TUTELA T. GEARSYNTH Z3,LUBRICANT,7,04-03-2025 10:53:37,300.67
59033400,15991719 BF EXTREME HT,LUBRICANT,4,28-10-2024 11:04:57,482.18
59033459,16115019 SELENIA QUADRIFOGLIO,LUBRICANT,1,04-04-2025 09:03:17,2081.47
5960F3,SPARK-PLUG,E1,2,09-06-2023 08:44:07,113.51
5960G0,SPARK-PLUG,E1,3,15-08-2022 13:59:39,0.01
5960G1,SPARK-PLUG,E1,4,08-08-2023 14:04:06,0.01
5960G4,SPARK-PLUG,E1,12,01-07-2024 12:58:12,228.44
5960L0,SPARK-PLUG,E1,1,01-07-2024 08:24:19,0.01
5960L5,SPARK-PLUG,E1,42,23-09-2024 14:27:32,357.97
599,VICTOR REINZ SCONE,E2,2,06-05-2025 07:50:10,110
5SG24GW7AE,mirror rh,(Blanks),1,16-04-2025 14:57:05,14152.91
5W30 1L TOTAL,OIL,LUBRICANT,7,22-08-2023 12:07:43,64.5
6000605325,AIR FILTER,E8,1,14-01-2025 10:28:59,2251.74
6000605426,FILTERING ELEMENT,E7,4,28-10-2024 11:04:57,1009.77
6000606306,PROTECTION,ALLAN,1,18-03-2025 09:25:50,1015.34
6000606313,PROTECTION,ALLAN,1,18-03-2025 09:25:50,1309.08
6000606491,BRACKET,NO-BIN,1,18-03-2025 09:25:50,293.66
6000606910,PROTECTION,ALLAN,1,18-03-2025 09:25:50,542.84
6000606985,AIR FILTER,E7,6,28-10-2024 09:40:29,729.85
6000607102,FOG LAMP,NO-BIN,1,18-03-2025 09:29:57,3472.78
6000607105,ORNAMENT,ALLAN,1,18-03-2025 09:25:50,7610
6000607295,SEALING GASKET,E7,16,28-10-2024 11:04:57,34.43
6000607555,SEALING GASKET,E7,3,28-10-2024 11:04:57,22.3
6000608123,TRANS BELT,E8,1,14-01-2025 10:28:59,2072.9
6000608368,FILTERING ELEMENT,E8,4,28-10-2024 11:04:57,1105.22
6000609844,SPOILER,NO-BIN,1,09-04-2025 14:53:36,6676.17
6000609850,RADIATOR GRILLE,NO-BIN,2,02-04-2025 16:30:30,2755.26
6000610528,FLEX. HOSE,ALLAN,1,02-04-2025 16:28:50,189.14
6000610529,SEALING GASKET,ALLAN,1,02-04-2025 16:28:50,94.21
6000611028,OIL FILTER,E8,5,18-03-2025 09:48:51,619.12
6000611249,ELECTROPUMP,ALLAN,1,02-04-2025 16:28:05,4348.91
6000611251,SEALING GASKET,ALLAN,1,18-03-2025 09:29:57,79.53
6000611629,MOULDING,NO-BIN,1,19-03-2025 08:05:40,2456.02
6000611671,FRONT BUMPER,ALLAN,1,13-05-2025 11:40:32,15309.97
6000622037,PIPE,ALLAN,1,02-04-2025 16:28:05,359.14
6000622039,W/W RESERVOIR,ALLAN,1,19-03-2025 08:05:40,1913.3
6000623028,OIL FILTER,E8,6,18-03-2025 10:51:54,421.03
6000632240,WIPER BLADE,E8,1,28-10-2024 09:40:29,400.16
6000633297,FILTERING ELEMENT,E8,1,05-12-2024 08:46:33,99.1
6000633298,FILTERING ELEMENT,E8,4,07-03-2025 14:58:30,179.64
6000633300,OIL FILTER,E8,3,28-10-2024 11:04:57,113
6000633302,OIL FILTER,E8,7,28-10-2024 09:40:29,80.96
6000633304,AIR FILTER,E8,1,04-03-2025 11:03:04,103.44
6000633313,OIL FILTER,E8,18,20-03-2025 14:32:37,138.45
6000634306,IMPROVEMENT KIT,E9,3,07-05-2025 15:59:05,13019.64
6000634312,IMPROVEMENT KIT,,1,02-12-2024 14:44:23,401.16
6000634315,IMPROVEMENT KIT,,1,14-04-2025 16:17:59,2246.77
611260,WARNING LIGHT,G5,7,11-10-2024 14:26:01,217.74
621698,HEADLIGHT LAMP,G5,9,07-07-2022 09:50:44,0.01
6216A1,BULB,G5,10,08-08-2023 14:04:06,0.01
63512FL000,WSTR DR R W      RH,g7,1,29-02-2024 16:15:43,987.62
64115FL301VH,COVER HINGE OUT  PRH,g7,1,13-11-2024 14:46:52,260.39
6431N2,TANK,WORKSHOP,1,08-08-2023 14:04:06,0.01
643327,3 WAY UNION,G5,9,07-07-2022 09:50:44,0.01
6447XF,POLLEN FILTER,E3,4,13-11-2024 14:53:58,287.51
6447XG,CHARCOAL FILTER,E3,6,14-04-2025 16:08:28,480.04
6460TP,RING-SEAL,G5,18,07-08-2023 14:01:37,18.79
6460V0,RING-SEAL,G5,-1,21-07-2023 08:37:15,10.49
6460V1,RING-SEAL,G5,4,21-07-2023 08:37:15,12.2
6462R7,SUPPORT CLIP,G5,4,07-07-2022 09:50:44,0.01
647975,CHARCOAL FILTER,E3,4,09-03-2023 08:35:37,379.93
6479C2,POLLEN FILTER,E3,2,07-06-2022 11:43:06,275.19
6479C9,POLLEN FILTER,E3,2,05-05-2023 14:03:30,296.26
6479K9,CHARCOAL FILTER,E3,7,31-05-2021 15:38:11,391.66
66670199A,WHEEL CYL,E5,3,01-07-2024 08:24:19,0.01
670050349,SEALING GASKET,E8,9,14-02-2025 12:48:22,120.06
68003282AA,STUD HUB,E8,2,12-02-2025 15:02:59,75.59
68003776AA,BRAKE    PAD-SET REAR DISC BRAKE,(Blanks),1,04-03-2025 11:06:00,1981.88
68005263AA,SEALING GASKET HALFSHAFT,NO - BIN,2,28-03-2025 14:45:41,160.01
68029829AB,BLANK KEY BLANK,(Blanks),3,23-12-2024 14:22:13,679.08
68048953GB,ANTIFREEZE COOLANT,LUBRICANT,4,05-05-2025 09:35:58,336.71
68052386AC,BRAKE    PAD-SET REAR DISC BRAKE,E8,1,28-10-2024 10:00:47,3084.68
68079302AB,HANDLE DOOR INTERIOR,willem,1,25-04-2025 14:10:24,2389.7
68079589AA,SEAL CRANKSHAFT OIL,E8,1,02-12-2024 14:54:16,213.96
68079744AD,OIL FILTER ENGINE OIL,E8,6,28-10-2024 11:04:57,301.51
68080819AD,SENSOR CAMSHAFT,E8,1,28-10-2024 11:04:57,939.7
68081249AD,FILTERING ELEMENT AIR,E8,1,05-12-2024 08:46:33,366.8
68082561AB,WIPER BLADE FRONT WIPER,E8,1,28-10-2024 10:04:30,992.75
68088485GB,LIQUID POWER STEERING,LUBRICANT,5,28-10-2024 11:04:57,386.86
68091516AA,PLUG TOW HOOK,SPECIAL ORDER,1,24-04-2025 14:37:34,65.76
68091517AA,ABSORBER REAR BUMPER FASCIA,SPECIAL ORDER,1,24-04-2025 14:37:34,1046.94
68102241AA,OIL FILTER ENGINE OIL,E8,6,22-11-2024 14:43:39,165.28
68147514AA,SEALING GASKET ENGINE OIL SEPARATOR,willem,1,13-05-2025 11:44:15,73.57
68157566AC,SWINGING ARM LOWER CONTROL,(Blanks),1,23-04-2025 13:06:16,6561.05
68157567AC,SWINGING ARM LOWER CONTROL,(Blanks),1,08-04-2025 08:47:42,7221.41
68163848GB,LIQUID COOLANT,LUBRICANT,2,28-10-2024 09:40:29,754.45
68191349AC,OIL FILTER ENGINE OIL,E8,13,05-05-2025 09:35:58,311.66
68194936AA,WIPER BLADE FRONT WIPER,E8,5,28-10-2024 10:00:47,832.64
68218041GB,PROTECTIVE GEAR,NO - BIN,1.3,01-04-2025 09:55:17,136.3
68218057GB,LUBRICANT,willem,1.9,09-05-2025 15:02:21,212.86
68218057GE,LIQUID AUTOMATIC TRANSMISSION AT,NO - BIN,7,14-04-2025 16:13:18,280.83
68218925GC,LIQUID AUTOMATIC TRANSMISSION,LUBRICANT,13,14-04-2025 16:13:18,262.79
6822AG,DRN PLUG GASKET,G5,7,25-02-2025 09:28:26,39.64
68231020GB,OIL 5W40 (1L),LUBRICANT,24,04-03-2025 10:59:02,315.26
68257030AA,AIR FILTER AIR,unknown,2,13-05-2025 11:44:15,820.18
68257791AB,FILTERING ELEMENT AIR,NO - BIN,2,24-04-2025 14:27:18,552.1
68260443AA,SPRINKLE WINDSHIELD WASHER,E8,1,28-10-2024 10:00:47,368.79
68260792AB,AIR FILTER CABIN AIR,E8,1,17-12-2024 15:41:18,1043.24
68287857AB,BRACKET FASCIA SUPPORT,ALLAN,3,10-01-2025 12:46:25,174.01
68291575GB,OIL 0W30,LUBRICANT,18,06-03-2025 11:07:24,406.82
68347376AC,CABLE HARNESS FRONT FASCIA,SPECIAL ORDER,1,13-05-2025 12:09:50,2097.47
68368922AE,SEAL HARD TOP FRONT,unknown,1,13-05-2025 11:43:16,3011.74
68378949AA,LUBRICANT GEAR,LUBRICANT,10,25-02-2025 09:41:23,525.61
68518202GA,OIL 5W20,LUBRICANT,22,16-04-2025 14:53:41,186.96
68518204GA,OIL 5W30,LUBRICANT,8,14-04-2025 16:13:18,237.5
68523970GA,OIL 0W40,LUBRICANT,17,07-03-2025 14:57:43,280.91
68523994GA,OIL 0W20,LUBRICANT,36,05-05-2025 09:15:46,196.69
68535619AA,AIR FILTER CABIN AIR,NO - BIN,1,29-01-2025 08:54:47,458.64
68542769AA,FILTERING ELEMENT AIR,E8,2,04-03-2025 10:59:02,1181.34
68565698AA,AIR FILTER CABIN AIR,unknown,1,24-04-2025 14:27:54,1064.85
68590596AA,SWITCH PANEL FRONT DOOR,ALLAN,1,13-05-2025 11:44:15,3176.59
68606182AA,AIR FILTER CABIN AIR,E8,2,09-05-2025 10:38:44,566.44
68608193AA,AIR FILTER CABIN AIR,E8,1,14-01-2025 10:30:17,1476.93
691306,SOCKET SCREW,G5,19,07-07-2022 09:50:44,0.01
692254,SELF-TAP SCREWS,G5,18,08-08-2023 14:04:06,0.01
692297,SELF-TAP SCREWS,G5,9,07-07-2022 09:50:44,0.01
6924,ANTIFREEZE COOLANT 1LTR,LUBRICANT,15,24-04-2025 14:50:13,82.56
6925G5,SCREW WITH BASE,G5,10,01-07-2024 08:24:19,0.01
6936C6,WASHER-NUT,G5,9,08-08-2023 14:04:06,0.01
6939C2,SELF LOCKG NUT,G5,18,13-06-2024 10:56:27,4
6981K2,HOSE CLIP,unknown,19,27-03-2025 09:09:44,19.61
7087808,OIL FILTER,E8,3,13-03-2025 14:08:12,613.44
71740677,SEALING GASKET,E8,11,27-01-2025 16:10:20,122.67
71740678,SEALING GASKET,E8,1,28-10-2024 11:04:57,394.12
71741287,PAD,(Blanks),1,27-02-2025 13:07:25,59.07
71748293,PIN,ALLAN,2,19-02-2025 13:49:46,7.15
71751023,WIPER BLADE,E8,1,28-10-2024 11:04:57,277.48
71752001,SEALING GASKET,E8,1,28-10-2024 11:04:57,45.34
71753377,SEALING GASKET,NO-BIN,9,19-03-2025 14:47:01,152.96
71753398,SEALING GASKET,E8,1,28-10-2024 11:04:57,91.63
71753742,OIL FILTER,E8,1,17-12-2024 16:10:13,95.76
71754237,OIL FILTER,E8,1,02-12-2024 14:59:21,142.82
71754491,SEALING GASKET,E8,1,25-02-2025 09:46:45,96.23
71769771,SEALING GASKET,E8,2,28-10-2024 11:04:57,34.26
71775823,AIR FILTER,NO-BIN,1,25-04-2025 14:09:07,162.01
71775824,AIR FILTER,E8,2,22-04-2025 14:59:06,206.17
71778532,POLLEN FILTER,NO - BIN,1,02-05-2025 15:03:57,566.44
72880FG000,FILTER,g7,3,16-10-2024 13:42:43,462.85
72880FL000,FILTER,g7,2,25-04-2025 14:59:22,347.63
72880FL500,FILTER,g7,1,25-04-2025 14:52:22,342.37
73130015,FUSE MINI BLADE,E1,65,01-07-2024 08:24:19,0.01
73130025,FUSE MINI BLADE,E1,23,07-07-2022 09:50:44,0.01
73130030,FUSE MINI BLADE,E1,19,07-07-2022 09:50:44,0.01
735456803,PLUG,NO-BIN,1,09-04-2025 14:57:08,397.28
735537083,CLIP,NO-BIN,3,19-02-2025 13:54:51,5.48
73995,FAN ASM PULLER,E6,1,08-08-2023 14:04:06,0.01
7530,Special Tec AA 5W-30 5 Litre,LUBRICANT,1,13-03-2025 15:59:43,506.57
7553032,SPRING,WORKSHOP,1,27-02-2025 13:08:44,16.85
7615,SPECIAL TEC 5W30 1L,F5,7,24-04-2025 14:50:13,101.32
7647839,CON. ROD BOLT,NO-BIN,2,11-02-2025 09:24:24,118.22
7729642,pin,,4,19-02-2025 10:11:56,12.69
7734022,PLUG,E8,6,28-10-2024 11:04:57,41.3
77362491,SET BRAKE SHOES,willem,1,27-03-2025 15:23:20,1483.74
77363804,FILTERING ELEMENT,E8,1,28-10-2024 11:04:57,1082.73
77364561,AIR FILTER,E8,7,28-10-2024 11:04:57,142.27
77364955,ELECT MOTOR,(Blanks),1,09-04-2025 14:56:48,1904.11
77366378,BRAKE    PAD-SET,E8,1,14-04-2025 16:23:07,1457.53
77369138,FILTERING ELEMENT,E8,1,06-02-2025 08:30:09,847.72
77369203,AIR FILTER,NO-BIN,1,12-03-2025 14:46:22,220.33
784920080,BULB,g7,1,03-03-2023 16:35:08,29.74
786004,CLUTCH KIT (CHEV UTE),E5,1,11-11-2022 10:39:29,1645.3
7903077159,HOG RING,g6,15,02-10-2023 16:14:15,4.7
792831,CLIP,G5,3,07-07-2022 09:50:44,0.01
795059,HOG RING,G5,10,07-07-2022 09:50:44,0.01
803916010,"GASKET,16X21X2.3",g7,7,25-04-2025 14:59:22,16.21
86538SA010,COVER R WAG,g7,1,08-08-2023 14:04:06,0.01
86542FJ120,BLADE 400 UNI    RHD,hang,1,08-08-2023 14:04:06,0.01
86542SG100,BLADE 650        RHU,hang,1,08-08-2023 14:04:06,0.01
873361,BONNET BUFFER,G5,3,07-07-2022 09:50:44,0.01
8830008CRV0000,FRONT CALIPER PAD AFTER SALE PACKAGE,G1,1,17-01-2025 08:46:29,1626.94
8830008DSV0000,CALIPER PAD FR,G1,1,17-01-2025 08:46:29,1669.08
8830014CRV0000,FRICTION PAD 4PCS SET RR,G1,1,17-01-2025 08:46:29,1455.24
8830014DSV0000,RR CALIPER FRICTION PLATE,G1,1,17-01-2025 08:46:29,3133.28
8880027DSV0000,AC FILTER ELEMENT,G1,1,17-01-2025 08:46:29,248.36
88863930,"CLEANER,FUEL SYSTEM",LUBRICANT,4,07-07-2022 09:50:44,0.01
88900180,"CLEANER,GLS",LUBRICANT,5,07-07-2022 09:50:44,0.01
8957GE,CONTROL BUTTON,G5,3,08-08-2023 14:04:06,0.01
8972127270,BELT; TIMING,E5,1,08-08-2023 14:04:06,0.01
8973099270A,O FILT,G2,3,08-08-2023 14:04:06,0.01
8979273920,CABLE ASM;BAT POS &,unknown,1,09-01-2025 11:31:04,1369.84
8979475710,PAD KIT; CALIPER;DI,G1,2,31-03-2025 10:42:19,1392.75
8980365930,SEAL; OIL FRT H,E5,2,31-03-2025 10:28:48,60.99
902170049,NUT,g7,2,08-08-2023 14:04:06,0.01
90250663,BEARING,E6,1,01-07-2024 08:24:19,0.01
90281736,BOLT/SCREW-CONN ROD,E6,7,01-07-2024 08:24:19,0.01
90338647,SWITCH-ENG OIL PRESS CLRDO-13,E6,1,08-08-2023 14:04:06,0.01
90466480,SCREW M11X105,E6,8,01-07-2024 08:24:19,0.01
904673,GUIDE,G5,1,08-08-2023 14:04:06,0.01
90482370,SPACER,E6,5,07-07-2022 09:50:44,0.01
90528145,SEAL-OIL PAN DRN PLUG(O RING),E4,20,06-03-2025 10:50:43,3.34
90529532,RETAINER-VLV SPR,E6,12,07-07-2022 09:50:44,0.01
90529533,KEY-VALVE KEIL-VENTIL CRUZE-18/MULTI,E6,3,08-08-2023 14:04:06,0.01
90538493,SEAT-RR SPR LWR-CRUZ,E6,4,07-07-2022 09:50:44,0.01
90572590,CLAMP-RAD SURG OTLT,E6,1,08-08-2023 14:04:06,0.01
90572592,CLAMP-RAD SURGE TK O,E6,2,08-08-2023 14:04:06,0.01
909140068,CLIP 2PIECE D8,unknown,9,15-04-2025 10:13:21,18.16
9126791,BOLT-G/SHIFT TO TRA,E6,1,07-07-2022 09:50:44,0.01
9128603,LIFTER VALVE,E6,2,07-07-2022 09:50:44,0.01
9128S1,STAPLE,G5,18,07-07-2022 09:50:44,0.01
9165788,CVR OSRVM R{*NLA-NO,E5,1,07-07-2022 09:50:44,0.01
9192425,FILTER ELEMENT OIL,G2,5,07-07-2022 09:50:44,0.01
9196297,NAMEPLATE ASM OPEL,E5,1,07-07-2022 09:50:44,0.01
92051,NUTLOCK,,3,18-02-2025 14:30:08,175
92250826,PAD KIT-FRT DISC BRK WV-14,E6,2,07-07-2022 09:50:44,0.01
93165414,OIL,LUBRICANT,3,27-06-2023 10:34:11,293.29
93165694,OIL-TRANSMISSION (BO,LUBRICANT,3,13-05-2025 11:22:48,370.34
93169254,BRAKE PAD SET,E6,1,07-07-2022 09:50:44,0.01
93179058,GASKET- INTAKE MANIFOLD,E6,1,07-07-2022 09:50:44,0.01
93182241,BELT DRIVE 17.80 X 1,E6,1,07-07-2022 09:50:44,0.01
93186318,TAPE ADHESIVE CLOTH,E6,1,07-07-2022 09:50:44,0.01
93188651,PLUG-RAD DRN,E6,1,08-08-2023 14:04:06,0.01
9320000260,SEAL 78x16.5x2,G1,10,17-01-2025 08:46:29,21.26
9320001160,GASKET 16222,G1,8,17-01-2025 08:46:29,24.71
93251872,BOLT/SCREW,E6,4,01-07-2024 08:24:19,0.01
93264739,SUPPORT,E6,2,06-08-2024 09:41:52,24.45
93270079,CAP-ROCKERSILL MOULDINGS,E6,14,08-08-2023 14:04:06,0.01
93284576,SHOE KIT-BRAKE RR,E6,3,13-11-2024 14:56:54,635.1
93326272,SEAL OUTSIDE RR VIE,E6,1,07-07-2022 09:50:44,0.01
93326521,SCREW CAP,E6,2,17-03-2025 08:08:00,146.49
93340175,DOOR CHECK ASM-FRONT,E6,1,07-07-2022 09:50:44,0.01
93388893,CHANNEL,E6,1,07-07-2022 09:50:44,0.01
93596111,CAP-WHEEL CENTRE,E6,2,07-07-2022 09:50:44,0.01
93602828A,BRAKE DRUM,G2,1,07-07-2022 09:50:44,0.01
93604112,HOSE-RADIATOR INLET,E6,1,07-07-2022 09:50:44,0.01
93605006,STRUT ASM-L/GATE,E6,1,07-07-2022 09:50:44,0.01
93619025,COIL SPRING,E6,1,01-07-2024 08:24:19,0.01
93745425,FILTER PKG-OIL,E4,1,01-07-2024 08:24:19,0.01
94535553,BULB-TAIL & T/SIG LP,E6,2,08-08-2023 14:04:06,0.01
94717194,HOSE ASM-P/S FLUID R,WORKSHOP,1,08-08-2023 14:04:06,0.01
94719924,SPRING-FRT,E6,1,01-07-2024 08:24:19,0.01
94722282,PAD- LUGG CARR S/RL,E6,1,07-07-2022 09:50:44,0.01
94737131,BRACKET ASM-RAD UPR,E6,1,07-07-2022 09:50:44,0.01
94770218,PIN KIT-FRT BRK CLPR GDE,E6,1,01-07-2024 08:24:19,0.01
94823307,BATTERY-DR LK & IGN,E6,4,28-02-2025 10:48:53,60.4
94823312,CYLINDER ASM-FRT S/D LK,E6,1,15-04-2024 08:47:33,208.42
95027804,WHEEL BADGE CAP,E6,6,08-08-2023 14:04:06,0.01
9510,TOPTEC 4100 1L DIESEL OIL,LUBRICANT,12,05-10-2021 08:08:04,87.47
9511,TOPTEC 4100 5L DIESEL OIL,LUBRICANT,6,08-08-2023 14:04:06,0.01
95128280,T-CONNECTOR-RAD SURGE TK OTLT HOSE,E6,1,01-07-2024 08:24:19,0.01
95188246,SWITCH-FRT S/D WDO CONT,E6,2,07-07-2022 09:50:44,0.01
95316518,WTR OUTLET HOSE,E6,1,01-07-2024 08:24:19,0.01
95380033,TANK-RAD SURGE TRAX-13-17,E6,2,19-02-2025 13:48:25,994.38
95389380,WTR OUTLET HOSE,E6,1,07-07-2022 09:50:44,0.01
95406038,HINGE- HOOD - LH,E6,1,07-07-2022 09:50:44,0.01
95406039,HINGE- HOOD - RH,E6,1,07-07-2022 09:50:44,0.01
95489555,GRILLE-RAD LWR,ALLAN,1,19-03-2025 09:15:37,5424.72
95508199,WIPER BLADE- RH,hang,2,08-08-2023 14:04:06,0.01
95516015,BLADE ASM-WSW LH(*SEE SET- 95529714*),hang,1,01-07-2024 08:24:19,0.01
95524973,PAD KIT-FRT DISC BRK,E6,1,08-08-2023 14:04:06,0.01
95528402,HARNESS ASSY.(HVAC),E6,2,07-07-2022 09:50:44,0.01
95528733,SPARK PLUG,E1,9,09-05-2025 10:30:41,206.04
95528735,SPARK PLUG,E1,8,06-03-2025 10:48:34,134.06
95599740,FILTER KIT-OIL,E4,1,17-09-2024 11:55:07,367.5
95599740A,OIL FILTER,G2,2,07-07-2022 09:50:44,0.01
95599833,KIT TRAILER COUPLING,FLOOR,1,11-03-2024 14:06:09,3867.81
95599923,ADDITIVE 120ML,LUBRICANT,31,02-08-2022 12:55:31,155.21
9595179,BOLT-FRT WHL BRG(*09595179*),F2,6,02-05-2025 14:54:40,107.23
95965573,PIPE ASM-W/PMP INL {,E6,7,07-10-2022 14:48:26,173.36
95975171,CYLINDER KIT-RR BRK,E6,1,08-08-2023 14:04:06,0.01
95990248,NUT-WHL SAIL-11,E6,1,30-12-2019 09:07:24,30.94
96291054,COIL ASM-IGN,E6,1,07-07-2022 09:50:44,0.01
96425700A,POLLEN FILTER,G2,2,08-08-2023 14:04:06,0.01
96434368,BOLT/SCREW-SHFT CONT HSG,E6,7,01-07-2024 08:24:19,0.01
96435887,HOSE ASM-A/C CMPR &,E4,2,07-07-2022 09:50:44,0.01
96440878,FILTER-PASS COMPT A,E2,3,22-01-2024 08:16:30,330
96553445,AIR FILTER,E6,1,10-10-2023 15:53:21,1182.99
96585563,KEY-BLANK AVEO-04-08,E6,3,08-08-2023 14:04:06,0.01
96601864,CAP-R/WDO WPR ARM FI,E6,2,07-07-2022 09:50:44,0.01
96602404,GRILLE ASM-I/P CTR AIR OTLT,E6,1,07-07-2022 09:50:44,0.01
9671349980,WATER PIPE,unknown,1,23-01-2025 16:18:20,634.26
9673252780,WINDOW OUTSIDE,g6,1,01-07-2024 08:24:19,0.01
9673457180,WATER PIPE,WORKSHOP,1,27-09-2024 15:51:41,554.9
9673473780,WATER PIPE,WORKSHOP,1,27-09-2024 15:51:41,554.9
9674262380,SENSOR,g6,1,01-07-2024 08:24:19,0.01
9674550680,TAPER HEX SCREW,g6,7,13-11-2023 16:10:39,21.73
9674725580,AIR FILTER,E2,6,02-05-2025 14:54:02,269.66
9675680980,GLOW PLUG,g6,2,27-08-2024 08:28:34,400.14
9675771680,HALF-BEARING,G4,2,27-03-2025 09:30:48,578.89
9675772180,HALF-BEARING,g6,3,26-02-2025 13:32:24,430.43
9675840180,CONN ROD SCREW,g6,3,01-11-2024 14:59:57,9
9675874180,WATER PUMP BELT,g6,1,13-01-2025 12:03:02,138.55
9676231780,HSG COVER PLATE,g6,1,27-08-2024 08:27:37,478.14
9676288180,SPARK-PLUG,E1,6,01-07-2024 08:24:19,0.01
96840122,SEAL ASM-VLV STEM OIL,E6,10,08-08-2023 14:04:06,0.01
9685425280,FOG HEADLIGHT,g6,1,07-07-2022 09:50:44,0.01
9685657480,SEAL,g6,1,08-08-2023 14:04:06,0.01
9688031280,EXH BKT SEAL,g6,1,28-03-2025 14:42:24,88.09
96931611,HOLDER-F/FLR CUP,E6,1,07-07-2022 09:50:44,0.01
96962173,FILTER POLLEN REPLACED BY 95528636,E2,2,02-05-2025 14:51:17,124.82
96968694,WATER PIPE,E6,1,14-10-2024 14:28:17,578.62
97214814,PLATE BUSHING SUPPORT-C-190,E4,4,02-05-2025 14:45:31,98.49
972693,CLEANER,LUBRICANT,12,04-03-2024 11:00:16,345.83
9730AE,OIL,LUBRICANT,9,13-02-2025 12:40:45,447.76
9730AG,OIL,LUBRICANT,8,11-03-2025 08:47:32,415.7
9734R7,OIL,G5,1,19-08-2024 16:16:39,1264.98
97947312,BOLT-FRT LWR CONT ARM ADJ,E4,3,26-02-2025 13:31:12,235.85
9800097580,AIR FILTER,E2,5,01-11-2024 08:31:15,271.91
9800555380,VALVE EGR,g6,1,21-02-2025 12:31:57,8836.39
9800622380,VALVE GASKET,g6,1,04-04-2025 16:18:47,124.6
9801024980,SCREW RLX,g6,5,07-12-2023 09:53:03,30.35
9801366680,FILTERING PAD,E4,11,14-06-2024 09:09:59,627.59
9801727580,TANK GASKET,g6,1,01-07-2024 08:24:19,0.01
9801915180,HALF-BEARING,g6,1,19-04-2024 15:09:30,608.59
9802595980,OIL SEPAR SEAL,g6,1,23-08-2024 12:38:10,631.89
9802774480,SELF-TAP SCREWS,g6,5,01-07-2024 08:24:19,0.01
9802840180,SPARK-PLUG,E1,2,13-11-2023 16:09:01,192.26
9803918580,SEAL,g6,1,17-09-2024 11:50:14,327.15
9804617380,CYL HEAD GASKET,g6,1,13-01-2025 12:03:02,616.73
9805552080,AIR FILTER,E2,6,14-04-2025 16:08:28,290.75
9805961480,BRAKE DISC (W),G5,2,08-08-2023 14:04:06,0.01
9806533080,COVER,g6,1,13-05-2025 11:35:44,2297.65
9807710580,NUT WITH BASE,g6,4,17-07-2023 09:46:45,9.11
9807776680,SPARK-PLUG,E1,17,07-07-2022 09:50:44,0.01
9808772880,HEAT SHIELD,g6,2,28-08-2024 15:22:02,711.36
9808772880,HEAT SHIELD,g6,1,05-11-2024 09:43:40,711.36
9808867880,OIL FILTER,E4,2,04-03-2025 10:36:30,152.45
9809148680,FIXING CLAMP,g6,2,29-10-2024 15:03:41,1265.22
9809532380,OIL FILTER,E4,12,01-04-2025 09:47:36,209.04
9810159380,BAR LINK,g6,1,13-05-2025 11:35:44,903.46
9810159480,BAR LINK,g7,1,13-05-2025 11:35:44,857.59
9810177780,TAPER HEX SCREW,g6,8,09-10-2024 13:23:07,9.82
9811909980,INTAKE PIPE,WORKSHOP,1,29-04-2025 14:51:11,3309.3
9814015480,HALF BEARING,WORKSHOP,4,19-11-2024 14:28:16,203.36
9814639380,PLATE GASKET,g6,1,03-10-2024 14:50:14,408.84
9815106580,POLLEN FILTER,E2,8,18-06-2024 16:23:47,291.33
9815106780,CHARCOAL FILTER,E2,11,29-02-2024 12:34:59,426.05
9816058680,ENGN TIMING PAD,(Blanks),1,07-05-2025 15:57:20,225
9817007580,SENSOR,willem,1,13-05-2025 11:35:44,2267.73
9817665180,PULLEY SCREW,g6,1,03-10-2024 14:50:14,57.27
98176963XT,DOOR PROTECTOR,g6,1,11-01-2024 09:08:42,3247.77
9818914980,OIL FILTER,E4,9,25-04-2025 14:03:14,157.48
9820823880,ENTRY SEAL,WORKSHOP,1,23-01-2024 10:57:06,855.26
9820932180,HALF BEARING,g6,5,26-02-2025 13:32:24,710.27
9821501880,PREMIUM FILTER,E2,10,27-09-2024 15:50:30,571.19
9822827180,TIMING CHAIN,(Blanks),1,07-05-2025 15:57:20,1125.85
9824498980,WATER PIPE,g6,1,01-07-2024 08:24:19,0.01
9824674580,SCREW RLX,g6,5,01-09-2023 11:08:56,4.76
9826618580,WATER PUMP BELT,g6,3,14-08-2024 08:02:24,391.18
9827238680,FT-SHOCK ABSORB,,1,13-05-2025 11:35:44,1718.37
9828646780,NUT WITH BASE,g6,4,16-08-2024 15:58:59,22.23
9829427680,FLAT BLADE,hang,1,19-02-2024 16:36:15,343.86
9829930180,SPARK-PLUG,E1,7,04-04-2025 16:10:39,236.45
98327624VT,STEEL WHEEL,E2,1,08-08-2023 14:04:06,0.01
9833350880,POLLEN FILTER,E2,22,11-01-2024 12:53:20,187.55
9833351080,CHARCOAL FILTER,E3,15,02-05-2025 15:01:45,429.27
9833702580,TIMING PINION,BIDLEE,1,07-05-2025 15:57:20,616.23
9833964280,SPARK-PLUG,E1,10,11-04-2025 14:44:02,224.42
9835304280,CRANKSHAFT SEAL,g6,3,17-12-2024 10:32:40,667.02
9836494080,SPARK-PLUG,E1,36,07-04-2025 14:03:17,42.85
9836527180,OIL FILTER,E4,12,02-05-2025 14:51:17,57.26
9837408880,ENGINE OIL PUMP,g6,1,27-03-2025 09:07:35,3018.18
9837944080,SET OF REAR MUD FLAP,g6,1,08-08-2023 14:04:06,0.01
9837944180,SET OF FRONT MUDFLAP,g6,1,08-08-2023 14:04:06,0.01
9838225480,HALF-BEARING,g6,4,13-05-2025 11:23:54,413.37
9838225480,HALF-BEARING,g6,1,12-09-2024 12:49:09,387.19
9841493780,RE-SUCTION PIPE,g6,1,01-07-2024 08:24:19,0.01
9842475680,AIR FILTER,E2,4,02-04-2025 16:22:53,172.69
9842490180,4 BRAKE PADS/F,g6,3,13-05-2025 11:38:19,835.83
9842495380,BALLJOINT KIT,willem,2,13-05-2025 11:35:44,796.09
98426956YX,CONTROL UNIT,,1,13-05-2025 12:48:27,10167.93
9844496580,POLLEN FILTER,E3,8,05-05-2025 12:39:58,174.44
9845121380,DRN PLUG GASKET,g6,6,02-05-2025 14:54:02,21.76
9849103880,WISHBONE FRONT,willem,1,13-05-2025 11:35:44,1812.74
9849104580,WISHBONE FRONT,willem,1,13-05-2025 11:35:44,1732.77
9849256380,HALF BEARING,,1,18-02-2025 13:53:51,712.14
9849256680,HALF BEARING,g6,5,03-10-2024 14:51:43,227.93
9853940880,CHARCOAL FILTER,unknown,2,02-05-2025 14:51:17,192.24
9855127280,TIE ROD ASSY,willem,2,13-05-2025 11:35:44,359.97
9855992580,HALF-FLANGE,g6,3,26-02-2025 13:31:12,134.16
9984J4,HOLLOW BODY WAX,LUBRICANT,12,12-03-2021 14:55:24,356.89
AC100,CABIN FILTER,G2,1,19-09-2024 11:38:48,111.18
AC838,94752782/B-STAB CHEV UTE,G2,1,03-03-2025 08:47:19,64.6
AD/0001L,LARGE PVC INSULATION TAPE,G3,12,03-03-2025 08:48:11,12.63
af38,airfilter,G2,1,15-08-2023 12:58:39,120
AFO.A0029,AIR FILTER,G2,1,20-10-2023 13:44:40,79.23
AFO.A0032,AIR FILTER,G2,2,21-07-2022 14:28:18,56.48
AFO.A0102,AIR FILTER,G2,2,27-09-2023 09:43:14,113.32
AFO.F0035,PETROL FILTER PEU,G2,2,01-07-2024 08:24:19,0.01
AFO.F0065,FUEL FILTER,G2,3,27-09-2023 09:43:14,83.99
AFO.O002,OIL FILTER,G2,3,27-09-2023 09:43:14,40.23
AFO.O0047,OIL FILTER 1.8,G2,2,27-09-2023 09:43:14,60.54
AFO.O0060,OIL FILTER,G2,2,27-09-2023 09:43:14,39.58
AG1199,AIR FILTER,G2,1,25-07-2024 09:56:05,67.17
AG1353,AIR CLENER,G2,1,25-07-2024 09:56:05,100.34
AG1384,AIR FILTER,H1,1,02-04-2025 11:33:17,135
AG1418,AIR CLEANER,G1,1,19-03-2025 11:07:23,100
ag1500,air filter opel combo,G1,3,24-02-2025 14:46:31,152
AG1503,AIR CLEANER,G2,2,25-02-2025 11:51:34,98
AG1545,AIR FILTER,G1,1,22-04-2025 14:51:48,118.84
Ag1707,AIR FILTER,G2,1,16-01-2025 12:36:11,119
AG1726,AIR FILTER,G2,1,08-08-2023 14:04:06,0.01
AG1776,A/F 108,G2,1,11-09-2024 11:27:16,107.9
AG883,AIR FILTER,G2,8,24-03-2025 15:31:06,73.59
AHS55900,CH SET TATA,,1,08-10-2024 09:50:58,1240
AK/0004,RAGS,FLOOR,4,10-04-2025 13:57:51,98
ar6855,bush,,1,07-05-2025 15:05:06,95
AR8834,SHOCK MOUNTS,,2,04-03-2025 10:30:38,584
AR9742,AVEO CHEV SHK MOUNTS,G3,2,16-11-2023 08:58:28,640
B000923680,DOOR HINGE,g6,1,08-08-2023 14:04:06,0.01
B000923880,DOOR HINGE,g6,1,08-08-2023 14:04:06,0.01
BCP6ES,SPARK PLUGS,E1,4,01-07-2024 08:24:19,0.01
BD4752,BRAKE DISC,G2,2,02-09-2024 08:09:18,782.5
BD9387,D PADS RR B16 ASTRA K,G3,1,01-07-2024 08:24:19,0.01
BD9413,CHEV T/BLAZER RR B PADS,G3,1,05-07-2024 15:20:26,516.52
BH1750,BATTERY HOLDOWN,hang,2,08-08-2023 14:04:06,0.01
BKR5EK,SPARK PLUG,E1,8,03-03-2025 08:47:19,50.75
BKR6E,SPARK PLUGS AVEO 1.6,E1,1,22-01-2025 14:39:41,36.67
BKR6E-11,SPARK PLUGS 16V,E1,6,16-01-2025 12:47:58,35.97
BKR6EK,SPARK PLUG NGK,E1,6,25-02-2025 10:44:16,41.57
BOT402-1LT,OIL; TRANSMISSION,LUBRICANT,4,31-03-2025 11:32:31,193.14
BPR5EFS-13,NGK PLUGS LUMINA,E1,8,09-02-2024 13:55:11,45
BPR5EY,SPARK PLUG,E1,30,07-03-2025 15:14:02,38.34
BPR6ES,SPARK PLUG,E1,7,15-04-2025 10:41:16,31.95
BR13066,STONE BRAKE DISC F-VENTED,G3,1,21-09-2023 09:31:48,422
BY880AL,ARCO CH GSK MLS 1-65,,1,02-04-2025 08:05:27,223.25
ca7111,Control arms,G2,1,29-08-2023 09:45:31,1780
CASTROLGTD,J-MAX PLUS 15W40,BULK OIL,162.7,25-09-2024 10:34:06,46.28
CHWSG,SERVICE GUIDE,JUSTIN OFFICE,1,12-05-2025 14:40:45,60
CKCU140-B,CLUTCH KIT,E2,3,09-12-2024 15:07:36,927.85
COF100138S,OIL FILTER CHAMPION,G2,1,13-02-2024 11:15:48,53.82
CR2450,REMOTE BATTERY,E1,3,08-05-2025 11:19:14,66.25
CS246,CONTROL ARMS,,2,22-01-2025 14:35:27,980
CS814R,LOWER CONTROL ARMS,WORKSHOP,1,21-02-2025 12:31:46,1510
cs815R,CONTROL ARM R,WORKSHOP,1,19-10-2022 13:39:48,2300
CSSMZ463AA,FILTER FUEL/WATER SEPARATOR,E9,3,14-04-2025 16:17:59,2923.43
CSUP10B1AA,IMPROVEMENT KIT,unknown,9,04-03-2025 10:59:51,46.58
CSZDV621AA,ELECT CABLE FUEL PUMP RELAY,unknown,1,02-05-2025 16:22:18,1030.38
CUSK1,UTE SERVICE KIT 1.4 (2012-),G2,2,05-07-2024 09:36:00,250.7
D0020,DOOR LUBE,E1,13,07-07-2022 09:50:44,0.01
d3420,pads,,1,07-05-2025 10:50:33,252.17
d3947,pads rr,G3,1,08-08-2024 12:14:08,320
d7153,pads,,1,07-05-2025 10:50:33,252.17
DCPR8E,SPARK PLUGS,E1,26,27-02-2025 10:59:29,61.93
dopwsg,SERVICE BOOK OPEL,E1,2,22-05-2024 10:39:44,30.01
DR6505,BRAKE DISC FRONT,G3,2,06-05-2025 07:51:10,561
DR6667,CORSA DISCS 93188918,G3,4,21-09-2023 09:30:05,520
DR7489,OPEL MOKKA FR-DISCS,G3,2,01-07-2024 08:24:19,0.01
E145064,E:PETROL FILT (W),E4,4,29-11-2023 14:02:22,145.32
E145094,E:PETROL FILT,unknown,1,15-01-2025 09:59:18,240.62
E149134,E:OIL FILTER PSA,E4,15,02-05-2025 14:54:02,122.79
E160,FUEL FILTER AVEO,G2,2,15-04-2025 10:41:16,65
E67,FUEL FILTER,G2,5,13-03-2025 15:51:20,52.64
EF55,WIPER BLADE FLAT,hang,2,13-02-2023 08:44:43,79.45
EJ501ESJ000,CARGO TRY RUBBER MAT,,1,24-01-2025 08:05:30,1232.5
EJ501ESJ410,RUBBER MAT FRONT RHD,G4,1,24-08-2023 12:40:56,615.06
EJ501ESJ420,RUBBER MAT REAR SET,G4,1,24-08-2023 12:40:56,432.52
EVAR981,VALVE INL TATA,,8,08-10-2024 09:50:58,72
FDB1337,FRNT PADS SPARK 1.0,G3,1,08-08-2023 14:04:06,0.01
FDB1399,BRAKE PADS FR PEU/CROSSLAND,G3,1,06-11-2024 08:21:51,365
FDB1424,DPADS OPE CRSA 02/UTE,G3,1,22-04-2025 14:51:48,270
FDB1699,BRAKE PADS 1.2 spark,G3,1,31-10-2024 10:48:01,320
FDB1935,Captiva/BRAKE PADS REAR,G3,1,02-04-2025 09:29:07,480
fdb4263,REAR PADS,G3,1,30-10-2024 15:43:09,290
FDB4496,CHEV SONIC/AVEO BRK PADS,G3,1,27-02-2023 08:07:44,368.7
FDB4765,"FRONT PADS, 3008",G3,1,18-09-2024 10:45:01,720
FDR329801,DRUMS RR 1.4ESSEN,G3,2,07-07-2022 09:50:44,0.01
FM40,"AEROBLADE - 16""",hang,3,27-07-2023 08:11:34,86.67
FM53,"AEROBLADE 21""",hang,3,27-07-2023 08:11:34,64.46
G90411732,AIR FILTER,E2,4,13-11-2023 16:12:40,104.1
G95526685-00,FILTER KIT-OIL TRAX,E4,5,14-04-2025 16:08:28,34.15
G96985730-00,FILTER OILSPARK-11,E4,3,02-05-2025 14:54:02,110.16
GA7,SILICONE SPRAY 500M,LUBRICANT,1,05-12-2024 12:06:36,61.69
gs7056,gas lift,,1,07-05-2025 10:46:36,213.04
H1,HIGH BEAM,E1,5,15-04-2024 14:41:59,17
H11,BULB,E1,-1,31-10-2024 10:46:50,61.53
h16,bulb,E1,1,13-12-2023 13:38:31,154
H3,CHEV UTE SPOT BULB,E1,47,15-03-2022 11:20:47,15
H304,REAR WIPER BLADE,hang,1,24-04-2025 12:00:40,140
H9,BULB,E1,4,01-07-2024 08:24:19,0.01
HB5324,HUB OPEL,G3,2,27-02-2025 12:36:34,360
HOSECLAMP,HOSECLAMP VARIOUS SIZES,G2,67,26-03-2025 07:58:59,20.96
ILKAR7B11,MAZDA 2 SPARK PLUGS,E1,4,03-10-2023 10:28:53,82.51
ITR6F13,SPARK PLUGS,E1,18,13-06-2024 11:24:01,204.89
J5010AN041SSA,OUTBACK XT MAT 23MY,G4,1,31-07-2023 10:59:59,1232.5
J5010FN000SSA,IMPREZA X-TEK MAT SET,G4,1,31-07-2023 10:59:59,1232.5
K0879Y0010,PEA CARBON CLEANER,LUBRICANT,10,25-04-2025 14:59:22,258.5
K7RTI-7,SPARK PLUG,E1,4,21-02-2025 15:27:53,152
KIT176,BEARING KIT,E1,1,25-02-2025 11:33:24,298.52
KITD4D,HIL/Z217A/AG1136R/G1142/AC72 FILTERS,G2,1,01-07-2024 08:24:19,0.01
L0000168,BULB NONE,E8,10,28-10-2024 11:04:57,17.56
L0003157,BULB NONE,E8,1,06-05-2025 15:11:50,73.89
LJ5010SJ100SSA,CARPET MAT CVT,G4,2,03-03-2023 16:26:52,722.5
LKR6D10E,KIA S/PLUGS,E1,7,16-01-2025 12:36:11,103
M71,OIL FILTER,G2,2,07-05-2025 09:58:29,48.5
MK9845R,SUMP GASK,,1,02-01-2025 12:54:58,156.52
N1074,AMBER BULBS 12V 21W,E1,11,13-11-2024 11:08:28,6.54
N207,BULB GLOBE 12VR5W,E1,4,11-04-2025 12:05:53,4
n250,BULB FESTOON 12V,E1,1,01-07-2024 08:24:19,0.01
N580,12V/21-5W WHALE TAIL D/C BULB,E1,11,03-12-2024 11:14:31,13.55
N921,BACK UP BULB,E1,2,20-11-2024 16:20:05,15
NPH,NUMBER PLATE HOLDER,G4,29,18-08-2022 08:30:42,43
NPHBL,NUMBER  PLATE HOLDER (MEYERS),G4,144,23-04-2025 08:42:52,40.88
NPHRED,NUMBER PLATE HOLDERS RED MCB,G4,45,20-05-2024 09:12:56,31.99
NPHWHITE,NUMBER PLATE HOLDER WHITE PREMIUM SELECT,G4,40,01-07-2024 08:24:19,0.01
O95L3213683,QUARTZ INEO ECS 5W30,LUBRICANT,5,27-11-2024 10:21:35,508.51
O95L3214315,Quartz Ineo HTC 5W30,LUBRICANT,22.9,19-03-2025 14:43:06,541.81
O991L227529,TOTAL QUARTZ 9000 0W20,LUBRICANT,85.9,09-04-2025 10:20:19,95.61
O9L1L213768,QUARTZ INEO ECS 5W30 (1L),BULK OIL,1229.93,10-04-2025 10:25:33,76.78
O9L1L213768,Quartz Ineo ECS 5W30,LUBRICANT,7,26-05-2022 08:25:49,87.46
OF655,OIL FILTER KIA,,1,30-04-2025 12:03:03,65
OIL-1,5W30 OIL 1 LITRE,LUBRICANT,58.5,30-10-2024 11:35:17,52.33
OIL-2,15W40 OIL 5 LITRE,LUBRICANT,4,09-01-2025 10:18:51,198
OP352,OPEL CORSA UTE TOWBAR,WORKSHOP,1,05-07-2023 10:19:16,3750
P2175,PADS RR,,1,12-12-2024 17:01:45,670.43
PA442,WATER PUMP CHEV UTE,G2,1,11-11-2022 10:39:29,322.52
ph6418,bulb fiat,,5,06-05-2025 07:48:41,5.14
PLZKBR7B8DG,SPARK PLUG,E1,3,22-11-2024 15:23:49,149.81
PQ679,FRT W/BEARING CHEV UTE,G3,2,03-07-2023 15:29:24,230
PTR5A13,SPARK PLUGS,E1,1,02-05-2025 10:17:13,146.16
PZFR6R,SPARK PLUG,E1,4,10-04-2024 10:30:26,155.5
QB2,Q-BOND,E2,1,03-03-2025 08:47:19,32
QB3,Q-BOND GLUE BOTTLE SMALL,,2,25-02-2025 10:01:46,15.8
R43XLS,SPARK PLUGS,E1,4,07-07-2022 09:50:44,0.01
S.INJCLEAN/P,INJ CLEANER (P),LUBRICANT,2,08-08-2023 14:04:06,0.01
SCRATCH PATCH,WIZARDS SCRATCH PATCH,G3,6,22-08-2022 10:00:56,44
SH1377,DISINFECTANT SPRAY,LUBRICANT,8,08-08-2023 14:04:06,0.01
sh47,TOOL IN A CAN MULTI,,8,08-05-2025 15:42:02,50.85
SP0ZFR5F11,SPARK PLUG NONE,E8,4,17-02-2025 11:45:07,184.23
SP149125AF,SPARK PLUG NONE,NO - BIN,10,09-04-2025 14:54:40,406.54
SP19,SPRAY PAINT MATT BLACK,E5,2,02-04-2025 08:14:30,57.5
SP303917AC,SPARK PLUG NONE,E8,4,28-10-2024 09:49:20,395.67
SP38500,PADS FRT BOXER,G3,1,01-07-2024 08:24:19,0.01
SP85240,BRAKE PAD SET FRONT,G3,3,01-07-2024 08:24:19,0.01
SPLZFR5C11,SPARK PLUG NONE,NO - BIN,8,04-03-2025 10:39:25,136.1
T900V9,CHF11S 1LT GREEN FUCHS OIL,LUBRICANT,3,08-08-2023 14:04:06,0.01
TA015DM04,Mirror rh elec,,1,05-02-2025 14:13:30,790
TAPE0477,TAPE D/S,,1,17-02-2025 14:51:00,32
TP3-17,R-CAP,G3,1,07-02-2025 08:20:48,59.07
TR6161,STABILIZER LINKS,,2,22-01-2025 14:35:27,205
UTETBK-140,TIMING KIT(UTE 1.4 & 1.8),E6,3,03-04-2025 16:49:59,763.89
wb-a141,water bottle spark,G2,2,30-10-2024 15:07:58,109.67
WBU14R,WIPER BLADE,hang,1,07-01-2025 14:11:27,136
WBU16R,BLADES,hang,3,10-04-2025 14:46:03,141
WBU18R,UTE WIPER BLADE,hang,1,25-02-2025 10:43:33,148
WBU19R,WIPER BLADE,hang,1,07-01-2025 14:11:27,144
WBU21R,W/BLADE UTE,hang,3,10-04-2025 14:46:03,158.51
WBU22R,WIPER 22'TRA/BLAZER/AUDI 500,hang,1,07-01-2025 14:11:27,163
WBU24R,WIPER T/BLAZER,hang,2,07-03-2025 15:42:51,168
WBU26R,BLADE,hang,3,10-04-2025 14:46:03,170
WBU28R,CT W/BLADE 28'',hang,2,07-01-2025 14:11:27,198
WC6402,WHEEL CYL ASM AVEO/1.2 spark,G3,2,04-12-2023 11:31:05,108.75
WL7305,OIL FILTER,G2,1,09-03-2023 11:43:15,115.33
WP180,W PAPER 180G,E1,7,08-08-2023 14:04:06,0.01
WP2132,filter - cabin - pollen,G2,2,09-03-2023 11:43:15,130.51
WP9250,CABIN FILTER,G2,1,11-05-2023 12:26:44,106.3
YH8RTIP,SPARK PLUG,E1,3,03-03-2025 11:04:33,182
YP00154280,MIRROR,WORKSHOP,1,21-12-2023 16:20:41,6401.28
Z226,OIL FILTER,G3,1,02-04-2025 09:25:55,54
Z533,OIL FILTER LUMINA V8,G3,1,13-06-2024 14:19:44,116.5
Z562,OIL FILTER;SPARK,G3,2,11-03-2025 15:58:24,58
Z685,OIL FILTER,G3,3,24-04-2025 11:51:39,83
ZACHEVKIT1468,CHEV UTILITY KIT,FLOOR,17,11-12-2024 14:36:09,525
ZAFSERVBP,PEUGEOT SERVICE BOOK,,1,06-02-2025 08:28:00,69.27
ZFR5F11,SPARK PLUGS,E1,12,27-08-2024 13:24:53,55.94
Zfr6f-11,Plugs,E1,4,18-10-2024 12:06:46,56
ZFR6U9,SPARK PLUGS,E1,9,19-03-2025 11:07:23,56.34
ZFR6VG,SPARK PLUG SONIC,E1,4,10-07-2024 08:51:38,53.06
