Part No	Description	Bin Location 1	Stock	Last Receipt	Av Cost
1.1002	filter - cabin - pollen	G2	4	17-07-24 9:07	112.29
16488	HOUSG PLUG SEAL	G5	11	27-03-25 9:30	30.46
2.2063	filter - air - panel	G2	2	17-07-24 9:07	114.98
23308	WELCH-PLUG	G5	3	07-07-22 9:50	0.01
23403	PLUG-CORE	G5	1	01-07-24 8:24	0.01
31129	OIL DRAIN PLUG	G5	39	01-07-24 8:24	0.01
31132	OIL DRAIN PLUG	g6	1	01-07-24 8:24	0.01
04105409AE	OIL FILTER ENGINE OIL	E7	17	17-12-24 16:14	258.7
04318060GD	ADDITIVE AXLE	LUBRICANT	24	25-06-25 15:28	197.31
04318080GD	LIQUID BRAKE	LUBRICANT	22	05-05-25 9:15	210.55
04549625GF	LIQUID BRAKE	LUBRICANT	12	28-10-24 9:32	573.84
04593914AB	FILTERING ELEMENT AIR	E7	1	28-10-24 9:34	228.35
4596198	PLUG RADIATOR	E7	4	04-06-25 14:30	756.42
04726067AB	FUEL FILTER FUEL/WATER SEPARATOR	E7	11	12-02-25 15:04	1208.74
04781452BF	OIL FILTER ENGINE OIL	E8	12	24-04-25 14:27	183.72
04861688AB	FILTERING ELEMENT AIR	E7	4	04-03-25 10:59	604.49
04861756AA	FILTERING ELEMENT AIR	E7	2	06-05-25 15:11	745.28
04884688AD	LEVEL ROD ENGINE OIL LEVEL	JACQUES	1	19-02-25 13:50	65.86
04884899AC	OIL FILTER ENGINE OIL	E7	7	28-10-24 11:04	226.94
04891176AA	FILTERING ELEMENT AIR	E9	2	24-04-25 14:38	381.3
04891596AC	FIXED TIGHTENER IDLER	E7	3	28-10-24 11:04	377.48
04891721AB	TRANS BELT SERPENTINE	hang	1	21-05-25 14:43	422.02
04892339AB	OIL FILTER ENGINE OIL	E7	1	04-03-25 10:59	235.03
04892339BE	OIL FILTER ENGINE OIL	E7	21	14-04-25 16:13	545.89
05033307AE	SENSOR CRANKSHAFT POSITION	E7	1	22-05-25 14:21	1009.5
05033313AA	SENSOR COOLANT TEMPERATURE	E7	1	04-04-25 16:24	107.12
05033314AA	SENSOR TEMPERATURE	E7	1	04-04-25 16:24	126.58
05058492AE	FLEX. HOSE RADIATOR INLET	hang	2	21-05-25 14:43	1548.6
05058693AA	AIR FILTER CABIN AIR	E7	2	24-04-25 14:27	313.23
05136035GC	LUBRICANT	LUBRICANT	2	28-10-24 9:40	1397.88
05149077AB	SENSOR FLUID TEMPERATURE	E7	1	14-04-25 16:26	144.95
05184231AB	OIL FILTER ENGINE OIL	E8	11	14-04-25 16:26	306.09
05184296AH	ROCKER VALVE	JACQUES	1	13-05-25 12:01	182.16
05184332AA	REGULATING ASSY VALVE LASH	JACQUES	1	13-05-25 12:01	118.71
05191271AC	BRAKE    PAD-SET REAR DISC BRAKE	E7	1	24-04-25 14:27	1794.1
05278767AB	PLUG RADIATOR	E7	4	10-06-25 15:01	418.44
6503928	SCREW CONNECTING ROD	E7	6	10-06-25 15:04	16.36
06506100AA	PLUG OIL DRAIN	E7	3	14-04-25 16:26	220.63
06507741AA	PLUG OIL DRAIN	E7	10	21-05-25 14:43	153.73
06509422AA	NUT WHEEL	E7	3	15-01-25 14:52	105.27
06511051AA	STUD HEX HEAD	ALLAN	4	27-01-25 16:12	91
06513414AA	PLUG OIL DRAIN	E7	34	25-06-25 15:32	128.78
80678	SCREW WITH BASE	G5	2	08-08-23 14:04	0.01
0831T6	MOTOR KIT	WORKSHOP	1	08-08-23 14:04	0.01
1.00701E+13	V-RIBBED BELT	G1	1	17-01-25 8:46	402.03
1.00702E+13	OIL SEPARATION DEVICE	G1	1	17-01-25 8:46	148.06
1.01104E+13	OIL FILTER	G1	7	17-01-25 8:46	123.76
1.01304E+13	SPARK PLUG	G1	20	17-01-25 8:46	205.84
10261060	SEALING GASKET	E7	11	27-01-25 16:10	7.24
1034	GLOBE D/CONTACT	E1	2	07-05-25 14:06	4.84
1035	85W90- 1 liter Gear oil	LUBRICANT	42	16-05-25 11:37	135.88
1073	GLOBE S/CONTACT	E1	3	16-01-25 11:47	5.12
11023582	DRAIN COKE WASHER (046014 20)	E4	20	27-05-25 14:47	7.07
11055490	FUSE	E7	9	06-03-25 11:07	26.49
11096251	BULB	E1	20	13-06-25 14:24	29.29
1109AL	OIL FILTER	E4	13	13-06-25 12:51	109.31
1109AN	OIL FILTER	E4	25	01-07-24 8:24	0.01
1109AY	OIL FILTER (W)	E4	6	02-05-25 14:54	159.33
11126AA000	GSKT-DRAIN PLUG	g7	1	13-03-25 13:43	17.93
116234	PADS RR BOXER	G3	1	01-07-24 8:24	0.01
12101 67120	PAN SUB ASSY	JASON	1	24-06-25 14:17	5139.11
12180SVC1	INDICATOR BULB	E1	2	01-07-24 8:24	0.01
12276C1	FRT FOG LP	E1	2	20-12-24 13:44	246.51
12538938	BATTERY  R/CON DR  IMPALA-18/MULTI	E5	5	26-05-25 8:47	31.02
12616850	DRN PLUG GASKET	E5	3	07-04-25 12:05	133.46
12625566	VALVE-EXH CLRDO-13	E5	7	13-03-25 9:27	448.25
12628079	RING KIT-PSTN CLRDO-13	E5	5	13-03-25 9:27	1985.08
12654958	ROD-CONN-V300-13	E5	3	18-06-25 10:51	2543.6
12656517	SPARK PLUG	E1	2	07-07-22 9:50	0.01
13028AA231	BELT-TIMING	g7	1	29-08-24 10:33	1081.83
13073AA190	IDLER COMPL-BELT	g7	1	29-08-24 10:33	462.02
13085AA101	IDLER CP-BELT,NO2	g7	1	29-08-24 10:33	609.84
13141999	CVR MIRROR HOUSING RH PRIMED	E5	1	07-07-22 9:50	0.01
13144822	SCREW	E5	1	07-07-22 9:50	0.01
1319N5	CIRCLIP	G5	1	01-07-24 8:24	0.01
13214182	ACTUATOR ASM-R/CMPT	WORKSHOP	1	08-08-23 14:04	0.01
1324408TBW0100	OIL SEAL OF FILTER COVER	G1	8	17-01-25 8:46	43.54
1324409TBW0100	LOCK PIN?POSITION PLATE	G1	9	17-01-25 8:46	286.41
13272717	ELEMENT- A/CL	E2	5	05-12-22 10:00	221.51
13278000A	GLOBE D/TIME RUNNING	E1	25	07-07-22 9:50	0.01
13334021	BUSHING- FRT LWR CONT ARM RR (PART OF 10	E5	2	07-07-22 9:50	0.01
13368872	GUIDE LEFT	[Unknown]	1	24-06-25 10:54	319.51
13368873	GUIDE RIGHT	[Unknown]	1	24-06-25 10:54	290.58
1338A0	THERMO FITTING	G5	1	07-07-22 9:50	0.01
13390573	HARNESS ASSY TRAILER	E5	1	07-07-22 9:50	0.01
134089	O-RING	G5	3	01-07-24 8:24	0.01
13450275	CAP- BLANKING- 24MM	E5	4	07-07-22 9:50	0.01
13465094	TANK-RAD SURGE-CRUZE-12-17	E5	2	14-10-24 14:30	1077.27
13470637	SENSOR-FRT WHL CRUZE-16	E5	1	09-12-24 15:07	1151.49
13502059	BRAKE DISC	E5	2	08-08-23 14:04	0.01
13502398	MIRROR MOTOR	E5	1	08-08-23 14:04	0.01
13507405	VALVE-TYRE-KIT-(FOR	E5	1	01-07-24 8:24	0.01
1351VF	BYPASS PIPE	G5	1	08-04-25 8:45	516.74
13544913	VALVE PLUG	E5	1	30-06-25 14:25	828.85
13581561	SENSOR TIRE PRESS IN	E5	1	25-04-25 14:02	2410.04
1359644080	FILTERING ELEMENT	E9	4	28-10-24 9:00	448.92
1368127080	FUEL FILTER	E7	1	30-04-25 8:20	3048.66
1444TT	AIR FILTER	E3	5	30-06-25 14:33	274.15
1444TV	AIR FILTER (W)	E3	6	02-05-25 14:51	267.76
1444VK	AIR FILTER	E3	2	01-07-24 8:24	0.01
1444VL	AIR FILTER	G2	9	01-07-24 8:24	0.01
1444XE	AIR FILTER	E3	2	08-08-23 14:04	0.01
1444XF	AIR FILTER	E3	5	31-05-21 15:38	226.03
14463980	SEAL	E7	4	14-11-24 14:13	50.94
15208AA110	ELEM CP-OIL FLTR	g7	1	23-08-24 9:25	166.74
15208AA130	ELEM CP-OIL FLTR	g7	15	17-08-23 12:11	20.33
15208AA160	ELEM CP-OIL FLTR	g7	4	12-05-25 12:57	127.42
15208AA170	ELEM CP-OIL FLTR	g7	3	23-10-24 15:57	126.37
1567C6	FUEL FILTER	E4	21	27-05-25 14:51	127.52
15778699	SEAL-FUEL PRESS SEN	E5	4	08-08-23 14:04	0.01
15W40LCV	15W40 OIL	BULK OIL	900	10-06-25 15:17	52.91
1606267680	FILTERING PAD	E4	11	22-05-23 16:05	601.72
1606402680	AIR FILTER	E2	1	04-03-25 10:36	343.23
1607577780	SPARK-PLUG	E1	2	01-07-24 8:24	0.01
1609428080	BTCH OF FILTERS	E2	11	03-04-24 14:44	279.42
1609428180	CHARCOAL FILTER	E3	16	11-04-24 8:57	412.91
1609582880	2 DISCS KIT PRO	G5	1	01-07-24 8:24	0.01
1609907380	AIR FILTER	E3	3	07-07-22 9:50	0.01
1610699280	4 BRAKE PADS/F	g6	1	01-07-24 8:24	0.01
1610704680	FRONT DISKS KIT	G5	1	01-07-24 8:24	0.01
1610725580	BRAKE FLUID	LUBRICANT	126	17-12-24 11:59	94.35
1611187480	COVER-ENG BLK	g6	1	26-06-25 15:05	1069.27
1611718680	INJECTOR KIT	g6	5	08-08-23 14:04	0.01
1611909180	WASHER LIQUID	LUBRICANT	82	11-01-24 14:28	44.37
1612163180	E:V BELT	G5	1	08-08-23 14:04	0.01
1612435380	BRAKE DISC	G5	2	08-08-23 14:04	0.01
1612866580	E:AIR FLT ELT	E2	1	29-05-25 11:21	137.31
1612889480	E:EL AIR FILTER	E3	3	29-11-23 14:02	135.77
1612920180	E:POL FILTER	E3	1	13-11-24 15:06	130.77
1613215680	FLAT BLADE	hang	3	11-11-24 15:34	384.14
1615099980	OIL	LUBRICANT	89	05-06-25 15:36	249.43
1615646880	CHARCOAL FILTER	E2	7	08-05-24 13:56	478.52
1616399880	OIL FILTER	E4	7	06-03-25 10:50	151.33
1616854180	DRN PLUG GASKET	E4	5	01-11-24 8:32	147.64
1617039680	FLAT BLADE	hang	2	26-10-23 15:30	263.18
1621267280	ACCESSORY KIT	g6	1	23-09-24 14:29	1045.56
1622749580	RIVET	g6	28	07-07-22 9:50	0.01
1622750380	HOG RING	g6	35	08-08-23 14:04	0.01
1623096280	E:COOLANT PUMP	g6	2	04-03-25 10:35	887
1623335480	E:RR SH ABS PSA	g6	2	01-07-24 8:24	0.01
1625938680	E:SPARK PLUG	E1	8	06-09-24 13:33	43.16
1630633180	BRAKE DISC	G5	2	01-07-24 8:24	0.01
1631806280	BUMPR DEFLECTOR	g6	1	08-05-25 9:03	4924.13
1631831780	4 BRAKE PADS/R	g6	1	13-11-24 15:06	1174.88
1632745480	SPARK-PLUG	E1	9	22-10-24 13:43	67.57
1635155780	WIPER BLADE	FLOOR	4	30-06-25 14:34	170.15
1635771880	E:SUSP BALL JT (W)	g6	1	07-07-22 9:50	0.01
1636264180	E:BRAKE CLEAN	LUBRICANT	6	11-11-22 11:31	52.69
1636461780	BRAKES CLEANER	LUBRICANT	12	31-01-25 9:29	77.13
1637756080	ANTIFREEZE	LUBRICANT	61	19-08-24 16:17	166.19
1637756380	COOLING LIQUID	LUBRICANT	46	14-04-25 16:11	345.64
1638026280	E:EL AIR FILT	E3	1	09-05-25 10:29	157.1
1642333980	FLAT BLADE	hang	3	11-11-24 15:33	414.8
1642335180	FLAT BLADE	hang	1	01-07-24 8:24	0.01
1642340880	FLAT BLADE	hang	1	19-02-24 16:32	443.23
1647868480	FRONT DISKS KIT	G5	1	27-08-24 8:26	2393.27
1647874380	4 BRAKE PADS/R	g6	1	05-08-24 14:34	2055.24
1648406880	E.PLUG ERP	E1	2	04-12-23 9:08	176.09
1648406980	E:PLUG ERP 60	E1	12	01-07-24 8:24	0.01
1648407180	E:PLUG ERP 60	E1	10	27-05-25 14:05	133.48
1654509380	SPARK-PLUG	E1	22	30-06-25 14:33	299.11
1654515580	BELT KIT	G5	1	02-06-23 8:35	878.66
1654515680	COMPLETE KIT	g6	1	27-03-25 9:07	4911.14
1654517280	SPARK-PLUG	E1	3	19-06-25 16:17	406.72
16546AA020	ELEMENT-AIR CLNR	g7	1	21-02-25 9:01	282.8
16546AA120	ELEMENT-AIR CLNR	g7	3	05-05-25 10:42	295.75
16546AA150	ELEMENT-AIR CLNR	g7	3	23-05-25 9:05	261.81
1667442580	E:OIL FILTER	E4	3	10-02-25 15:10	159
1667800780	INTAKE FILTER	E3	17	27-05-25 14:51	270.58
1667817080	E:4 FR BR PAD	g6	1	08-02-24 14:01	897.67
1668203280	AIR FILTER	E3	4	30-06-25 14:35	360.64
1668205580	DRIVE BELT	hang	1	29-04-25 7:44	217.5
1668207380	SEAL	g6	5	14-04-25 16:11	8.82
1669671080	WINDSCREEN GLAS	Container	1	08-05-25 9:03	9237.06
1671902880	BRAKE SHOE	g6	2	26-06-25 8:38	517.35
16719697ZD	STEER WHEEL PAD	WORKSHOP	4	30-05-25 12:47	10506.73
16719698ZD	STEER WHEEL PAD	G5	1	20-03-25 14:25	10425.16
1671969980	PASSENG AIRBAG	G5	2	20-03-25 14:25	6793.93
1673603880	4 BRAKE PADS/R	g6	1	13-09-24 12:36	1791.16
1675993680	E:4 FR BR PADS	E5	2	01-07-24 8:24	0.01
1678168180	4 BRAKE PADS/F	g6	1	01-07-24 8:24	0.01
1678169480	ACCESSORY KIT	G5	1	01-07-24 8:24	0.01
1679816980	OIL FILTER	E4	7	25-06-25 14:59	645.28
1679993980	4 BRAKE PADS/F	g6	1	14-10-24 14:28	1509.42
1680791780	4 BRAKE PADS/F	g6	1	01-07-24 13:00	3337.19
1681348080	DRN PLUG GASKET	g6	9	19-06-25 16:18	19.58
1681350380	FILTERING PAD	E4	3	13-06-25 12:47	887.48
1682775680	FLAT BLADE	hang	1	19-02-24 16:36	252.38
1682801680	DRN PLUG GASKET	g6	33	14-10-24 14:28	115.9
1682802280	END-SCREW GASKT	g6	1	23-10-23 13:45	83.51
1682953480	E:OIL FILTER	E4	1	06-09-24 13:32	51.82
1682953580	E:OIL FILTER	E4	1	25-04-25 14:02	115.89
1686726580	E:2 FR BR DISC	G5	1	06-09-24 13:29	1037
1688651680	BRAKE DRUM	E9	4	26-06-25 8:38	4179.16
1689816480	FLAT BLADE	hang	3	26-10-23 15:24	200.09
1690956280	E:DIESEL FILTER	E4	13	02-05-25 14:51	354.36
1691653180	FOAM FILTER	G5	1	13-05-25 11:37	260.68
1692660480	WATER PUMP BELT	g6	2	21-01-25 15:10	115.44
1693482880	E:SPARK PLUG	E1	4	13-05-25 11:37	200.47
1693482980	E:SPARK PLUG	E1	4	04-04-25 8:54	258.14
190183	D/FILTER SEAL	E4	8	01-07-24 8:24	0.01
190195	D/FILTER SEAL	G5	1	08-08-23 14:04	0.01
190199	D/FILTER SEAL	E4	1	08-08-23 14:04	0.01
1906C0	FILTERING PAD	E4	9	01-09-21 12:18	379.11
1.91E+09	FILTERING PAD	E4	14	21-05-25 14:30	636.61
19315209	FILTER- OIL TERRAIN-17/MULTI {FA-SC}	E4	4	27-05-25 14:05	88.15
19348771	ELEMENT- OIL FLTR TB-13-19	E4	4	27-05-25 14:05	101.52
1BP00330AA	BRAKE    PAD-SET REAR DISC BRAKE	E7	1	24-04-25 14:27	3731.53
1K0807184	PEICE	JASON	1	24-06-25 14:17	367.5
2000034400	REPAIR SHOP'S FIXT	WORKSHOP	1	02-05-25 14:59	1009.71
2010005BSV0000	AIR FILTER ELEMENT	G1	2	17-01-25 8:46	253.52
20204AG011	RUB BUSH ARM F R	g7	2	25-04-25 14:59	333.47
20204AG030	RUB BUSH ARM F F	g7	2	23-05-25 9:05	218.35
20204XA00B9E	RUB BUSH ARM F R	g7	2	08-08-23 14:04	0.01
20206AJ000	BALL JOINT COMPL	g7	4	25-04-25 14:59	380.5
203708	FLYWHEEL SCREW	G5	24	11-04-24 9:04	29.72
20414SG001	RUB BUSH STAB	g7	2	23-05-25 9:05	65.84
20420XA000	STABILIZER LK F	g7	2	12-06-25 8:59	537.5
20914318	FRAME-WSW TRANS(LINKAGE ASSY.)	E5	1	07-07-22 9:50	0.01
22401AA700	PLUG-SPARK	g7	10	08-08-23 14:04	0.01
22401AA751	PLUG-SPARK	g7	2	08-08-23 14:04	0.01
22401AA781	PLUG-SPARK	g7	8	21-11-24 14:34	424.85
22401AA801	PLUG-SPARK	g7	10	08-08-23 14:04	0.01
22401AA880	PLUG-SPARK	g7	8	13-03-25 13:42	424.85
22753219	FILTER-PASS COMPT AIR -C140 -11	E3	1	19-12-24 15:14	653.38
2327	Leichtlauf High Tech 5W40 Synthetic Oil	LUBRICANT	1	09-12-24 14:51	96.21
2328	HIGH TECH 5W 40 OIL 5L	LUBRICANT	12	11-06-25 14:00	505.06
24000053	GAC Motorcool Guard	LUBRICANT	20	08-04-25 8:57	67.26
24000054	GAC Motor Stop Guard	LUBRICANT	20	08-04-25 8:57	76.46
242229699	SPARK PLUG	E1	1	01-07-24 8:24	0.01
24271971	PLATE-3-5 REV CLU APPLY	E5	3	07-07-22 9:50	0.01
24301443	CLUTCH PLATE	E5	2	07-07-22 9:50	0.01
24436052	PULLEY ASM-TMG BELT IDLER CRUZE-17/MULTI	E5	1	13-11-24 14:53	445.89
24438034	RETAINER	E5	1	07-07-22 9:50	0.01
24445245	CLAMP-RAD SURGE TK INL CRUZE-18/MULTI	E5	4	08-08-23 14:04	0.01
25182776	BELT	E5	1	01-07-24 8:24	0.01
25189435	CABLE ASM-M/TRNS SHFT LVR	E5	1	07-07-22 9:50	0.01
25190809	SEAL IGN COIL	E5	2	01-07-24 8:24	0.01
25192537	HOUSING-SHFT CONT (W/SHF CONT SHF)	E5	1	07-07-22 9:50	0.01
25193550	PLUG- ASSY.- SPARK	E1	2	14-02-25 15:42	242.34
25195605	BEARING	E5	4	07-07-22 9:50	0.01
25195785	FILTER OIL AVEO16-18T  ALT PSA1682953580	E4	8	29-04-25 14:51	147.32
25201065	SENSOR-KNOCK CRUZE-17/MULTI	E5	1	08-08-23 14:04	0.01
2560	TOURING HIGH TECH 1L	LUBRICANT	6	08-08-23 14:04	0.01
26296FJ020	PAD KIT F	g7	1	09-01-25 13:12	2770.07
26296FL032	PAD KIT F	g7	1	12-06-25 8:59	1438.68
26296SC011	PAD KIT	g7	1	25-04-25 14:59	2540.8
26296SG000	PAD KIT F	g7	1	29-08-24 10:33	1944.6
26298FL001	SHIM KIT F	g7	1	12-02-25 16:44	447.34
26696AG031	PAD KIT-R	g7	1	13-11-24 14:51	1192.08
26696AL020	PAD KIT R	g7	1	13-03-25 13:42	1191.64
26696FJ000	PAD KIT R	g7	1	25-04-25 14:59	985.19
28171AJ001	WHEEL NUT	g7	3	23-10-24 15:57	36.79
28365FE001	HUB BOLT	g7	8	29-04-25 7:40	31
28411SC011	HOUSING ASSY R   LH	WORKSHOP	1	18-09-24 8:14	2607.91
30100AA970	DISK COMPL-CLUTCH	E9	1	25-04-25 14:52	3748.13
30210AA720	COVER CP-CLUTCH	E9	1	25-04-25 14:52	3823.71
302120	GAC Motor Oil 210 litre	LUBRICANT	196.5	17-01-25 8:18	98.72
302133	GAC Premium oil 5 Litre	LUBRICANT	4	17-01-25 8:27	577.65
30502AA121	BRG-CLUTCH REL	g7	1	25-04-25 14:52	417.56
30502AA141	BRG-CLUTCH REL	g7	1	17-09-24 12:26	453.43
30531AA132	LEVER-CLUTCH REL	g7	1	17-09-24 12:26	235.08
30531AA180	LEVER-CLUTCH REL	g7	1	25-04-25 14:52	337.85
30539AA000	CLIP	g7	1	17-09-24 12:26	9.2
3093	BRAKE FLUID 500ml	LUBRICANT	29	24-04-25 14:50	76.93
312518	DIFFER BEARING	G5	1	01-07-24 8:24	0.01
325204	SCREW	G5	2	07-07-22 9:50	0.01
3333	BRAKE & PARTS CLEANER	WORKSHOP	1	23-06-25 12:28	3992.39
3374428	RADICOOL SF 12X1L	E2	3	25-06-25 13:45	127.64
3397006835	W/BLADE A/TWIN 22"	hang	2	01-07-24 8:24	0.01
3397008530	16" AEROTWIN BLADE	hang	3	08-08-23 14:04	0.01
3426547	TRANSMAX AXLE LL 75	LUBRICANT	1	19-09-24 15:56	303.14
3426632	CASTROL DEXRON VI (	LUBRICANT	6	30-05-24 13:45	248.98
3510010CRV0000	BRAKE DISCFR	G1	2	17-01-25 8:46	1339.15
3510010DSV0000	BRAKE DISC FR	G1	2	17-01-25 8:46	1546.2
3520006CRV0000	BRAKE DISCREAR	G1	2	17-01-25 8:46	1391.19
3520006DSV0000	BRAKE DISC RR	G1	2	17-01-25 8:46	1283.02
362230	SELF LOCKG NUT	G5	4	17-07-23 9:45	13.25
364813	SCREW WITH BASE (W)	G5	7	07-07-22 9:50	0.01
3648899	SPARK PLUG PKG-.	E1	7	07-07-22 9:50	0.01
3651	TOPTEC ATF 1100 1LT	LUBRICANT	7	06-11-24 12:12	136.16
3662	CVT OIL TOPTEC 1400 1LT	LUBRICANT	22	12-12-24 15:22	260.39
373933	HUB FIXING NUT	G5	5	19-08-24 16:12	205.78
374046	WHEEL HUB PLUG	G5	3	06-05-25 14:33	84.69
39030321	ELEMENT-A/CL CRUZE-1	E3	1	24-06-25 11:03	367.54
39090003	RESISTOR-FAN MOTOR	E5	2	07-07-22 9:50	0.01
39090004	HSNG- ASSY.- WITH FAN MOTOR- LOWER	E5	1	07-07-22 9:50	0.01
39187023	ADAPTER 13 PIN TO 7	E5	2	07-07-22 9:50	0.01
42052FL610	BRKT PUMP	g7	1	10-04-25 9:44	1254.04
42052SG120	BRKT PUMP	g7	3	03-10-24 13:57	1318.35
42072AA121	FILTER ASSY TANK SUB	g7	1	20-05-25 9:24	77.79
42386928	AIR FILTER	E3	6	24-06-25 10:30	142.88
42403118	LAMP ASM-B/U	WORKSHOP	1	08-08-23 14:04	0.01
4249J6	BRAKE DISC	G5	1	30-05-25 12:57	1314.85
42686719	SENSOR ASM-RR WHL SP	E5	1	01-07-24 8:24	0.01
4434	75W90- 1 LITER GEAR OIL	LUBRICANT	33	16-05-25 11:37	259.54
4601P2	MASTER CYLINDER	G5	1	07-07-22 9:50	0.01
46308326	BOOT	JACQUES	1	03-03-25 10:28	197.99
46328396	PLUG	E7	3	23-12-24 14:32	144.57
46328660	FLAT WASHER	E7	6	27-11-24 15:07	4.09
46329020	SEALING GASKET	E7	9	04-04-25 16:24	80.17
46329021	PIPE	E7	1	04-04-25 16:24	2391.6
46343218	OIL FILTER	E7	3	30-06-25 14:50	425.38
46344791	SPARK PLUG	E7	3	06-03-25 11:18	294.58
46344792	SPARK PLUG	E7	8	25-06-25 15:32	265.94
46347171	OIL FILTER	E7	2	30-06-25 14:50	148.22
46347517	LMBDA PROBE	E7	4	25-02-25 9:47	796.73
46352316	TIMING BELT	E9	1	02-12-24 14:59	182.71
46403659	TIMING BELT	E7	1	16-01-25 15:10	385.24
46403960	BRAKE DISC	JACQUES	1	06-06-25 8:34	875.08
46543812	BUSHING	ALLAN	3	18-03-25 16:35	89.06
46796687	OIL FILTER	E7	1	30-06-25 14:43	157.5
46823509	PLUG	E7	9	28-10-24 11:04	67.17
46823518	SEALING GASKET	E7	10	26-11-24 9:24	71.2
4X22	O-RING	E1	5	07-07-22 9:50	0.01
5006340IE	DELO 400MGX	LUBRICANT	4	08-08-23 14:04	0.01
500MLBC	KAPCI 500ML	JASON	1	24-06-25 14:17	275
501	GLOBE	E1	1	17-04-25 11:12	3.03
503615	HEXAGONAL NUT	G5	7	28-11-22 12:51	54.23
504076915	TIMING BELT	E7	1	21-05-25 14:50	709.82
504312565	PIPE	(Blanks)	1	30-06-25 11:32	1377.9
510-0073-10	csc ope	WORKSHOP	1	01-07-24 8:24	0.01
51723323	WINDOW REGULATOR	JACQUES	1	04-02-25 9:08	548.02
51723324	WINDOW REGULATOR	JACQUES	1	20-12-24 15:25	708.99
51736821	RESISTOR	JACQUES	1	20-12-24 15:25	1154.36
51806865	FILTERING ELEMENT	E7	2	14-04-25 16:20	176.25
51830174	FILTERING ELEMENT	E7	1	04-03-25 10:59	398.44
51864555	STRIKER PLATE	JACQUES	2	24-06-25 11:17	271.42
51881024	FILTERING ELEMENT	E7	2	22-04-25 15:05	166.84
51977574	FILTERING ELEMENT	E7	8	16-04-25 14:56	273.42
52009108	CROSSRAIL	[Unknown]	1	30-06-25 14:51	1307.98
52017097	TANK	JACQUES	1	22-04-25 15:04	380.21
52022378AB	FILTERING ELEMENT AIR	E7	1	14-01-25 10:29	854.41
52028898AJ	THERMOSTAT NONE	E7	1	28-10-24 9:30	1127.56
52028974AA	PLUG RADIATOR	E7	1	28-10-24 9:31	549.07
52034852	PIN	ALLAN	6	05-05-25 9:17	5.59
52074645	CUP-FRT S/D A/RST P	E5	1	07-07-22 9:50	0.01
52076549	WINDOW REGULATOR	JACQUES	1	10-06-25 15:02	963.89
52081087	BEARING-FRT WHL TB-17	E5	1	08-05-25 9:03	6598.85
52108325AA	FILTER TRANSMISSION OIL	E8	1	26-05-25 8:50	792.94
52108332AA	SEALING GASKET OIL PAN	E9	8	19-03-25 8:04	576.26
52118392	ABSORBER-RR SHK TB-1	WORKSHOP	1	08-08-23 14:04	0.01
52125003AD	SENSOR WHEEL SPEED	E7	1	10-06-25 15:01	307.06
52130990	SOCKET RR FASCIA SIG	E5	1	07-07-22 9:50	0.01
53013736AA	RING HEATER LINE	E7	4	30-06-25 14:42	14.18
53020547AC	SEALING GASKET THERMOSTAT	E7	3	14-01-25 10:25	79.35
53021536AC	COVER THERMOSTAT	E7	1	30-06-25 14:42	95.66
53022142AB	SEAL PCV	ALLAN	4	30-06-25 14:42	61.9
53022143AB	SEAL INTAKE MANIFOLD	NO - BIN	8	30-06-25 14:42	51.43
5416R4	WHEEL CAP	G5	1	07-07-22 9:50	0.01
55078105AC	TAIL LAMP REAR FOG	grant	1	01-04-25 9:57	2404.45
55111074AC	PLUG COOLANT RECOVERY BOTTLE	E8	1	01-04-25 9:52	437.58
55111395AE	FLEX. HOSE RADIATOR OUTLET	[Unknown]	1	25-06-25 15:17	1355.29
55157088AC	MAKE MEDALLION JEEP	ALLAN	1	16-05-25 16:23	879.19
55182787	PLUG	E7	1	04-03-25 10:45	67.55
55184773	PLUG	E7	7	28-10-24 11:04	126.38
55188857	SPARK PLUG	E7	6	28-10-24 11:04	145.93
55190069	OPEL CORSA ECU	WORKSHOP	1	01-10-24 9:00	5800
55190788	SPARK PLUG	E7	6	11-03-25 8:53	223.38
55192670	BIG END SHELLS	E7	1	13-05-25 12:02	51.79
55195776	SPARK PLUG CABLE	E7	1	25-03-25 8:46	471.46
55196309	SEALING GASKET	E7	9	17-12-24 16:10	10.41
55202176	THERMOSTAT	NO-BIN	1	30-06-25 14:44	345.12
55224598	OIL FILTER	E7	5	06-03-25 11:32	292.44
55224611	PLUG	E7	5	27-03-25 15:22	84.61
55226083	SPARK PLUG	E7	16	02-12-24 14:54	86.01
55238657	SEALING GASKET	willem	1	30-06-25 11:39	489.12
55239505	SEALING GASKET	E7	5	08-04-25 8:48	47.68
55244790	OIL SUMP	(Blanks)	1	30-06-25 11:32	1164.31
55249822	TRANS BELT	E9	1	02-12-24 14:57	176.36
55249877	LMBDA PROBE	E7	1	25-06-25 15:32	1200.13
55250936	SHAFT	E8	1	04-04-25 16:24	451.42
55259565	SPARK PLUG	E7	10	13-03-25 14:08	190.04
55270414	LMBDA PROBE	E7	1	25-06-25 15:32	651.33
55280713	PLUG	E7	9	14-11-24 14:11	34.18
55568031	WATER PIPE(TURBO FEE	E5	1	29-07-24 15:58	1978.98
55568033	SEAL-W/PMP	E6	1	14-10-24 14:28	183.48
55570291	BOLT-TIMING BELT TEN	E5	1	08-08-23 14:04	0.01
56044144AF	SENSOR ANTI-LOCK BRAKES	JACQUES	1	24-06-25 11:21	1569.62
56046738AH	REMOTE CONTROL INTEGRATED KEY FOB	JACQUES	1	09-06-25 11:13	1494.4
57010401AD	BRACKET FASCIA SUPPORT	JACQUES	3	08-04-25 9:17	114.23
5802473355	BELT STRETCHER	E7	1	21-05-25 14:40	729.31
59033066	13133701 ABARTH OIL (2L)	LUBRICANT	2	20-11-24 14:57	1608.76
59033150	14111619 - SELINA K PURE ENERGY (1L)	LUBRICANT	16	24-04-25 14:27	286.52
59033166	14123701 SELINIA WR PURE ENERGY 5W-30 1L	LUBRICANT	8	13-05-25 11:45	603.66
59033170	11573701 SELENIA MULTIPOWER C3 (1L)	LUBRICANT	19	26-06-25 15:06	297.76
59033173	13891639-SELENIA DIGITEK PUREENERGY (1L)	LUBRICANT	13	25-06-25 15:32	254.39
59033207	1388 SELENIA WR FORWARD SAE 0W-30 (5L)	LUBRICANT	10	01-04-25 9:54	559.31
59033326	22691619 TUTELA T. GEARSYNTH Z3	LUBRICANT	20	29-05-25 11:33	300.67
59033459	16115019 SELENIA QUADRIFOGLIO	LUBRICANT	1	04-04-25 9:03	2081.47
5960F3	SPARK-PLUG	E1	2	09-06-23 8:44	113.51
5960G0	SPARK-PLUG	E1	3	15-08-22 13:59	0.01
5960G1	SPARK-PLUG	E1	4	08-08-23 14:04	0.01
5960G4	SPARK-PLUG	E1	8	01-07-24 12:58	228.44
5960L0	SPARK-PLUG	E1	1	13-06-25 10:21	128.8
5960L5	SPARK-PLUG	E1	52	23-09-24 14:27	357.97
599	VICTOR REINZ SCONE	E1	1	05-06-25 11:34	110
5W30 1L TOTAL	OIL	LUBRICANT	8	22-08-23 12:07	64.5
6000605325	AIR FILTER	E8	1	14-01-25 10:28	2251.74
6000605426	FILTERING ELEMENT	E7	4	28-10-24 11:04	1009.77
6000607295	SEALING GASKET	E7	16	28-10-24 11:04	34.43
6000607555	SEALING GASKET	E7	2	28-10-24 11:04	22.3
6000608123	TRANS BELT	E8	1	14-01-25 10:28	2072.9
6000608368	FILTERING ELEMENT	E8	3	28-10-24 11:04	1105.22
6000611028	OIL FILTER	E8	4	18-03-25 9:48	619.12
6000623028	OIL FILTER	E8	4	18-03-25 10:51	421.03
6000632240	WIPER BLADE	E8	1	21-05-25 14:36	420.17
6000633297	FILTERING ELEMENT	E8	1	05-12-24 8:46	99.1
6000633298	FILTERING ELEMENT	E8	3	07-03-25 14:58	179.64
6000633300	OIL FILTER	E8	2	28-10-24 11:04	113
6000633302	OIL FILTER	E8	6	28-10-24 9:40	80.96
6000633304	AIR FILTER	E8	3	04-03-25 11:03	103.44
6000633313	OIL FILTER	E8	16	20-03-25 14:32	138.45
6000633317	AIR FILTER	E8	4	21-05-25 14:43	79.06
6000634312	IMPROVEMENT KIT	E9	1	02-12-24 14:44	401.16
611260	WARNING LIGHT	G5	7	11-10-24 14:26	217.74
621698	HEADLIGHT LAMP	G5	9	07-07-22 9:50	0.01
6216A1	BULB	G5	10	08-08-23 14:04	0.01
6.22E+06	PILOT LAMP	G5	9	19-06-25 16:18	18.38
630CM	BATTERY	FLOOR	1	27-06-25 9:25	742.91
63512FL000	WSTR DR R W      RH	g7	1	29-02-24 16:15	987.62
6431N2	TANK	WORKSHOP	1	08-08-23 14:04	0.01
643327	3 WAY UNION	G5	9	07-07-22 9:50	0.01
6447XF	POLLEN FILTER	E3	11	13-11-24 14:53	287.51
6447XG	CHARCOAL FILTER	E3	18	14-04-25 16:08	480.04
6462R7	SUPPORT CLIP	G5	4	07-07-22 9:50	0.01
6479C2	POLLEN FILTER	E3	2	07-06-22 11:43	275.19
6479C9	POLLEN FILTER	E3	4	05-05-23 14:03	296.26
6479K9	CHARCOAL FILTER	E3	7	31-05-21 15:38	391.66
66670199A	WHEEL CYL	E5	3	01-07-24 8:24	0.01
670050349	SEALING GASKET	E8	9	14-02-25 12:48	120.06
68003282AA	STUD HUB	E8	2	12-02-25 15:02	75.59
68003776AA	BRAKE    PAD-SET REAR DISC BRAKE	E8	1	04-03-25 11:06	1981.88
68004181AC	BULB PARK AND TURN SIGNAL	ALLAN	1	30-06-25 14:52	1257.84
68005263AA	SEALING GASKET HALFSHAFT	JACQUES	2	28-03-25 14:45	160.01
68029829AB	BLANK KEY BLANK	JACQUES	3	23-12-24 14:22	679.08
68048953GB	ANTIFREEZE COOLANT	LUBRICANT	9	19-05-25 15:05	389.45
68051369AA	PAD PARKING BRAKE PEDAL	ALLAN	1	18-06-25 11:07	200.43
68052369AD	BRAKE    PAD-SET FRONT DISC BRAKE	E8	1	25-06-25 15:29	4295.02
68069654AC	TIE  ROD STABILIZER BAR	JACQUES	1	19-05-25 10:48	2331.15
68079302AB	HANDLE DOOR INTERIOR	willem	1	25-04-25 14:10	2389.7
68079589AA	SEAL CRANKSHAFT OIL	E8	1	02-12-24 14:54	213.96
68079744AD	OIL FILTER ENGINE OIL	E8	6	28-10-24 11:04	301.51
68081249AD	FILTERING ELEMENT AIR	E8	1	05-12-24 8:46	366.8
68088485GB	LIQUID POWER STEERING	LUBRICANT	5	28-10-24 11:04	386.86
68102241AA	OIL FILTER ENGINE OIL	E8	6	22-11-24 14:43	165.28
68147514AA	SEALING GASKET SEPARATOR COVER GASK	E8	3	19-05-25 10:51	73.57
68147603AB	STRAP CLAMP	[Unknown]	1	24-06-25 12:47	384.91
68163848GB	LIQUID COOLANT	LUBRICANT	2	28-10-24 9:40	754.45
68191349AC	OIL FILTER ENGINE OIL	E8	30	25-06-25 15:32	313.79
68218057GE	LIQUID AUTOMATIC TRANSMISSION AT	LUBRICANT	28	26-05-25 8:53	280.83
68218925GC	LIQUID AUTOMATIC TRANSMISSION	LUBRICANT	13	14-04-25 16:13	262.79
6822AG	DRN PLUG GASKET	G5	7	25-02-25 9:28	39.64
68231020GB	OIL 5W40 (1L)	LUBRICANT	25	25-06-25 15:32	330.39
68257030AA	AIR FILTER AIR	willem	1	25-06-25 15:29	820.18
68257791AB	FILTERING ELEMENT AIR	E9	2	24-04-25 14:27	552.1
68260443AA	SPRINKLE WINDSHIELD WASHER	E8	1	28-10-24 10:00	368.79
68260792AB	AIR FILTER CABIN AIR	E8	1	17-12-24 15:41	1043.24
68287857AB	BRACKET FASCIA SUPPORT	ALLAN	2	10-01-25 12:46	174.01
68291575GB	OIL 0W30	LUBRICANT	14	21-05-25 14:39	418.49
68307021AA	SPARK PLUG NONE	E8	8	15-05-25 15:21	150.01
68360210AC	INSULATOR HOOD	SPECIAL ORDER	1	25-06-25 15:26	2337.33
68370256AB	HINGE HOOD	SPECIAL ORDER	1	25-06-25 15:26	1516.84
68370257AB	HINGE HOOD	SPECIAL ORDER	1	25-06-25 15:26	1516.84
68374964AC	PROTECTION CLOSEOUT	SPECIAL ORDER	1	25-06-25 15:26	1367.44
68374966AD	LIC. PLATE SUPPORT CLOSE OUT	SPECIAL ORDER	1	25-06-25 15:26	697.32
68375657AA	STRIKER PLATE HOOD LATCH	SPECIAL ORDER	1	25-06-25 15:26	312.83
68375662AA	LOCK HOOD	SPECIAL ORDER	1	25-06-25 15:26	1597.44
68376846AH	FOG LAMP FOG LAMP	SPECIAL ORDER	1	25-06-25 15:26	4379.72
68377400AD	SUPPORT RADIATOR CLOSURE	ALLAN	1	25-06-25 15:26	19320.57
68377403AC	MAKE MEDALLION HOOD	SPECIAL ORDER	1	25-06-25 15:26	717.74
68378949AA	LUBRICANT GEAR	LUBRICANT	10	25-02-25 9:41	525.61
68381219AB	PLATE AIR CONDITIONING SYSTEM	SPECIAL ORDER	1	25-06-25 15:26	24.21
68408114AB	BRACKET FENDER MOUNTING	SPECIAL ORDER	1	25-06-25 15:26	214.43
68408115AB	BRACKET FENDER MOUNTING	SPECIAL ORDER	1	25-06-25 15:26	192.63
68443146AA	HARD TOP B-PILLAR REAR	unknown	1	30-06-25 11:33	24.16
68456746AC	CROSSRAIL RADIATOR	SPECIAL ORDER	1	25-06-25 15:35	2840.49
68465258AD	HOOD BONNET NONE	SPECIAL ORDER	1	25-06-25 15:26	21634.21
68477939AB	CROSSRAIL FRONT BUMPER	SPECIAL ORDER	1	25-06-25 15:33	2441.84
68507747AB	RADIATOR GRILLE UPPER	SPECIAL ORDER	1	25-06-25 15:26	1983.44
68508765AA	RADIATOR GRILLE ACTIVE SHUTTER	SPECIAL ORDER	1	25-06-25 15:26	4422.18
68518202GA	OIL 5W20	LUBRICANT	12	16-04-25 14:53	186.96
68518204GA	OIL 5W30	LUBRICANT	11	14-04-25 16:13	237.5
68523970GA	OIL 0W40	LUBRICANT	17	07-03-25 14:57	280.91
68523994GA	OIL 0W20	LUBRICANT	71	25-06-25 15:32	198.3
68533018AA	SPRINKLE HEADLAMP WASHER	SPECIAL ORDER	1	25-06-25 15:26	2338.18
68533019AA	SPRINKLE HEADLAMP WASHER	SPECIAL ORDER	1	25-06-25 15:26	1842.43
68538439AA	FRONT BUMPER FRONT UPPER	ALLAN	1	25-06-25 15:33	13714.65
68542769AA	FILTERING ELEMENT AIR	E8	2	04-03-25 10:59	1181.34
68549290AA	TYPE PLATE GRAND CHEROKEE	SPECIAL ORDER	1	25-06-25 15:26	2123.87
68549291AA	TYPE PLATE GRAND CHEROKEE	SPECIAL ORDER	1	25-06-25 15:26	1286.92
68565698AA	AIR FILTER CABIN AIR	E9	2	25-06-25 15:33	1064.85
68585414AA	PART CLOSE OUT	SPECIAL ORDER	1	25-06-25 15:26	2692.56
68606182AA	AIR FILTER CABIN AIR	E8	3	25-06-25 15:33	509.05
68606244AA	HEADLAMP NONE	SPECIAL ORDER	1	25-06-25 15:33	18238.19
68606245AA	HEADLAMP NONE	SPECIAL ORDER	1	25-06-25 15:26	19878.07
68608193AA	AIR FILTER CABIN AIR	E8	1	30-06-25 14:39	1550.78
691306	SOCKET SCREW	G5	19	07-07-22 9:50	0.01
692254	SELF-TAP SCREWS	G5	18	08-08-23 14:04	0.01
692297	SELF-TAP SCREWS	G5	9	07-07-22 9:50	0.01
6924	ANTIFREEZE COOLANT 1LTR	LUBRICANT	23	11-06-25 14:00	82.99
6925G5	SCREW WITH BASE	G5	10	01-07-24 8:24	0.01
6936C6	WASHER-NUT	G5	9	08-08-23 14:04	0.01
6939C2	SELF LOCKG NUT	G5	18	13-06-24 10:56	4
6981K2	HOSE CLIP	G5	19	27-03-25 9:09	19.61
7087808	OIL FILTER	E8	2	25-06-25 15:34	629.86
71731846	HALF-BEARING TOR.	grant	1	10-06-25 15:05	356.18
71740677	SEALING GASKET	E8	11	27-01-25 16:10	122.67
71748293	PIN	ALLAN	2	19-02-25 13:49	7.15
71753377	SEALING GASKET	JACQUES	9	19-03-25 14:47	152.96
71754237	OIL FILTER	E8	1	02-12-24 14:59	142.82
71754491	SEALING GASKET	E8	3	10-06-25 15:01	101.53
71775823	AIR FILTER	E8	5	30-06-25 14:44	165.17
71775824	AIR FILTER	E8	1	25-06-25 15:32	211.19
72880FG000	FILTER	g7	2	16-10-24 13:42	462.85
72880FL000	FILTER	g7	1	25-04-25 14:59	347.63
72880FL500	FILTER	g7	1	12-06-25 8:59	342.37
73130015	FUSE MINI BLADE	E1	63	01-07-24 8:24	0.01
73130025	FUSE MINI BLADE	E1	21	07-07-22 9:50	0.01
73130030	FUSE MINI BLADE	E1	18	07-07-22 9:50	0.01
73504027	OIL FILTER	E8	1	21-05-25 14:43	349.99
735537083	CLIP	JACQUES	3	19-02-25 13:54	5.48
735592040	CAP	JACQUES	1	12-06-25 9:30	148.85
735694907	HANDLE	NO-BIN	1	30-06-25 14:44	901.9
73995	FAN ASM PULLER	E6	1	08-08-23 14:04	0.01
7530	Special Tec AA 5W-30 5 Litre	LUBRICANT	12	10-06-25 8:48	507.11
7615	SPECIAL TEC 5W30 1L	LUBRICANT	17	16-05-25 11:39	101.4
7734022	PLUG	E8	4	28-10-24 11:04	41.3
77364561	AIR FILTER	E8	6	28-10-24 11:04	142.27
77364955	ELECT MOTOR	willem	1	09-04-25 14:56	1904.11
77366378	BRAKE    PAD-SET	E8	1	14-04-25 16:23	1457.53
77369203	AIR FILTER	E8	1	12-03-25 14:46	220.33
784920080	BULB	g7	1	03-03-23 16:35	29.74
792831	CLIP	G5	3	07-07-22 9:50	0.01
7CW13DX8AB	RADIATOR GRILLE FASCIA	SPECIAL ORDER	1	25-06-25 15:26	3634.18
7GU44DX8AA	BUMPER BAR FASCIA	SPECIAL ORDER	1	25-06-25 15:26	9435.52
7GU45DX8AA	BUMPER BAR FOG LAMP	SPECIAL ORDER	1	25-06-25 15:26	4936.15
7GU46DX8AA	BUMPER BAR FOG LAMP	SPECIAL ORDER	1	25-06-25 15:26	5281.29
803916010	GASKET,16X21X2.3	g7	8	23-05-25 9:05	16.2
86538SA010	COVER R WAG	g7	1	08-08-23 14:04	0.01
86542FJ120	BLADE 400 UNI    RHD	hang	1	08-08-23 14:04	0.01
86542SG100	BLADE 650        RHU	hang	1	08-08-23 14:04	0.01
873361	BONNET BUFFER	G5	3	07-07-22 9:50	0.01
8830008CRV0000	FRONT CALIPER PAD AFTER SALE PACKAGE	G1	1	17-01-25 8:46	1626.94
8830008DSV0000	CALIPER PAD FR	G1	1	17-01-25 8:46	1669.08
8830014CRV0000	FRICTION PAD 4PCS SET RR	G1	1	17-01-25 8:46	1455.24
8830014DSV0000	RR CALIPER FRICTION PLATE	G1	1	17-01-25 8:46	3133.28
8880027DSV0000	AC FILTER ELEMENT	G1	1	17-01-25 8:46	248.36
88863930	CLEANER,FUEL SYSTEM	LUBRICANT	4	07-07-22 9:50	0.01
88900180	CLEANER,GLS	LUBRICANT	5	07-07-22 9:50	0.01
8957GE	CONTROL BUTTON	G5	3	08-08-23 14:04	0.01
8972127270	BELT; TIMING	E5	1	08-08-23 14:04	0.01
8973099270A	O FILT	G2	3	08-08-23 14:04	0.01
8979273920	CABLE ASM;BAT POS &	WORKSHOP	1	09-01-25 11:31	1369.84
902170049	NUT	g7	2	08-08-23 14:04	0.01
90250663	BEARING	E6	1	01-07-24 8:24	0.01
90281736	BOLT/SCREW-CONN ROD	E6	7	01-07-24 8:24	0.01
90338647	SWITCH-ENG OIL PRESS CLRDO-13	E6	1	08-08-23 14:04	0.01
90466480	SCREW M11X105	E6	8	01-07-24 8:24	0.01
904673	GUIDE	G5	1	08-08-23 14:04	0.01
90482370	SPACER	E6	5	07-07-22 9:50	0.01
90528145	SEAL-OIL PAN DRN PLUG(O RING)	E4	7	06-03-25 10:50	3.34
90529532	RETAINER-VLV SPR	E6	12	07-07-22 9:50	0.01
90529533	KEY-VALVE KEIL-VENTIL CRUZE-18/MULTI	E6	3	08-08-23 14:04	0.01
90538493	SEAT-RR SPR LWR-CRUZ	E6	4	07-07-22 9:50	0.01
90572590	CLAMP-RAD SURG OTLT	E6	1	08-08-23 14:04	0.01
90572592	CLAMP-RAD SURGE TK O	E6	2	08-08-23 14:04	0.01
9126791	BOLT-G/SHIFT TO TRA	E6	1	07-07-22 9:50	0.01
9128603	LIFTER VALVE	E6	2	07-07-22 9:50	0.01
9128S1	STAPLE	G5	18	07-07-22 9:50	0.01
9165788	CVR OSRVM R{*NLA-NO	E5	1	07-07-22 9:50	0.01
9192425	FILTER ELEMENT OIL	G2	5	07-07-22 9:50	0.01
9196297	NAMEPLATE ASM OPEL	E5	1	07-07-22 9:50	0.01
92051	NUTLOCK	LUBRICANT	1	18-02-25 14:30	175
92250826	PAD KIT-FRT DISC BRK WV-14	E6	2	07-07-22 9:50	0.01
93165694	OIL-TRANSMISSION (BO	LUBRICANT	8	26-05-25 8:49	370.34
93169254	BRAKE PAD SET	E6	1	07-07-22 9:50	0.01
93179058	GASKET- INTAKE MANIFOLD	E6	1	07-07-22 9:50	0.01
93182241	BELT DRIVE 17.80 X 1	E6	1	07-07-22 9:50	0.01
93186318	TAPE ADHESIVE CLOTH	E6	1	07-07-22 9:50	0.01
93188651	PLUG-RAD DRN	E6	1	08-08-23 14:04	0.01
9320000260	SEAL 78x16.5x2	G1	9	17-01-25 8:46	21.26
9320001160	GASKET 16222	G1	8	17-01-25 8:46	24.71
93251872	BOLT/SCREW	E6	4	01-07-24 8:24	0.01
93270079	CAP-ROCKERSILL MOULDINGS	E6	14	08-08-23 14:04	0.01
93284576	SHOE KIT-BRAKE RR	E6	3	13-11-24 14:56	635.1
93326272	SEAL OUTSIDE RR VIE	E6	1	07-07-22 9:50	0.01
93326521	SCREW CAP	E6	1	17-03-25 8:08	146.49
93340175	DOOR CHECK ASM-FRONT	E6	1	07-07-22 9:50	0.01
93388893	CHANNEL	E6	1	07-07-22 9:50	0.01
93596111	CAP-WHEEL CENTRE	E6	2	07-07-22 9:50	0.01
93602828A	BRAKE DRUM	G2	1	07-07-22 9:50	0.01
93604112	HOSE-RADIATOR INLET	E6	1	07-07-22 9:50	0.01
93605006	STRUT ASM-L/GATE	E6	1	07-07-22 9:50	0.01
93615669	WHEEL CAP (STEEL WH	G5	2	24-06-25 11:07	34.17
93619025	COIL SPRING	E6	1	01-07-24 8:24	0.01
93745425	FILTER PKG-OIL	E4	1	01-07-24 8:24	0.01
94535553	BULB-TAIL & T/SIG LP	E6	2	08-08-23 14:04	0.01
94717194	HOSE ASM-P/S FLUID R	WORKSHOP	1	08-08-23 14:04	0.01
94719924	SPRING-FRT	E6	1	01-07-24 8:24	0.01
94722282	PAD- LUGG CARR S/RL	E6	1	07-07-22 9:50	0.01
94737131	BRACKET ASM-RAD UPR	E6	1	07-07-22 9:50	0.01
94770218	PIN KIT-FRT BRK CLPR GDE	E6	1	01-07-24 8:24	0.01
94823307	BATTERY-DR LK & IGN	E6	8	28-02-25 10:48	60.4
95027804	WHEEL BADGE CAP	E6	6	08-08-23 14:04	0.01
9511	TOPTEC 4100 5L DIESEL OIL	LUBRICANT	6	08-08-23 14:04	0.01
95128280	T-CONNECTOR-RAD SURGE TK OTLT HOSE	E6	1	01-07-24 8:24	0.01
95188246	SWITCH-FRT S/D WDO CONT	E6	2	07-07-22 9:50	0.01
95316518	WTR OUTLET HOSE	E6	1	01-07-24 8:24	0.01
95380033	TANK-RAD SURGE TRAX-13-17	E6	1	19-02-25 13:48	994.38
95389380	WTR OUTLET HOSE	E6	1	07-07-22 9:50	0.01
95406038	HINGE- HOOD - LH	E6	1	07-07-22 9:50	0.01
95406039	HINGE- HOOD - RH	E6	1	07-07-22 9:50	0.01
95489555	GRILLE-RAD LWR	ALLAN	1	24-06-25 16:42	5424.72
95508199	WIPER BLADE- RH	hang	2	08-08-23 14:04	0.01
95516015	BLADE ASM-WSW LH(*SEE SET- 95529714*)	hang	1	01-07-24 8:24	0.01
95524973	PAD KIT-FRT DISC BRK	E6	1	08-08-23 14:04	0.01
95528402	HARNESS ASSY.(HVAC)	E6	2	07-07-22 9:50	0.01
95528733	SPARK PLUG	E1	3	09-05-25 10:30	206.04
95528735	SPARK PLUG	E1	8	06-03-25 10:48	134.06
95599740A	OIL FILTER	G2	2	07-07-22 9:50	0.01
95599870	CONCENTRATE COOLANT	LUBRICANT	7	25-06-25 14:59	222.68
95599923	ADDITIVE 120ML	LUBRICANT	31	02-08-22 12:55	155.21
95965573	PIPE ASM-W/PMP INL {	E6	6	07-10-22 14:48	173.36
95975171	CYLINDER KIT-RR BRK	E6	1	08-08-23 14:04	0.01
96291054	COIL ASM-IGN	E6	1	07-07-22 9:50	0.01
96425700A	POLLEN FILTER	G2	2	08-08-23 14:04	0.01
96434368	BOLT/SCREW-SHFT CONT HSG	E6	7	01-07-24 8:24	0.01
96435887	HOSE ASM-A/C CMPR &	E4	2	07-07-22 9:50	0.01
96585563	KEY-BLANK AVEO-04-08	E6	3	08-08-23 14:04	0.01
96601864	CAP-R/WDO WPR ARM FI	E6	2	07-07-22 9:50	0.01
96602404	GRILLE ASM-I/P CTR AIR OTLT	E6	1	07-07-22 9:50	0.01
9671349980	WATER PIPE	WORKSHOP	1	23-01-25 16:18	634.26
9673252780	WINDOW OUTSIDE	g6	1	01-07-24 8:24	0.01
9673457180	WATER PIPE	WORKSHOP	1	27-09-24 15:51	554.9
9673473780	WATER PIPE	WORKSHOP	1	27-09-24 15:51	554.9
9674262380	SENSOR	g6	1	01-07-24 8:24	0.01
9674725580	AIR FILTER	E2	6	25-06-25 14:59	285.48
9675680980	GLOW PLUG	g6	2	27-08-24 8:28	400.14
9675771680	HALF-BEARING	G4	1	24-06-25 11:07	593.57
9675840180	CONN ROD SCREW	g6	5	19-06-25 16:14	9.39
9676231780	HSG COVER PLATE	g6	1	27-08-24 8:27	478.14
9676288180	SPARK-PLUG	E1	6	01-07-24 8:24	0.01
9676359080	INTAKE VALVE	g6	5	19-06-25 16:14	432.8
9676359180	EXHAUST VALVE	g6	1	19-06-25 16:14	596.6
96840122	SEAL ASM-VLV STEM OIL	E6	10	08-08-23 14:04	0.01
9685657480	SEAL	g6	1	08-08-23 14:04	0.01
9688031280	EXH BKT SEAL	g6	2	19-06-25 16:14	88.09
96931611	HOLDER-F/FLR CUP	E6	1	07-07-22 9:50	0.01
9730AE	OIL	LUBRICANT	24	30-05-25 13:30	470.78
9730AG	OIL	LUBRICANT	11	19-06-25 16:17	417.52
9734R7	OIL	G5	1	19-08-24 16:16	1264.98
9800097580	AIR FILTER	E2	5	01-11-24 8:31	271.91
9800555380	VALVE EGR	g6	1	21-02-25 12:31	8836.39
9800622380	VALVE GASKET	g6	1	04-04-25 16:18	124.6
9801024980	SCREW RLX	g6	5	07-12-23 9:53	30.35
9801366680	FILTERING PAD	E4	11	14-06-24 9:09	627.59
9801727580	TANK GASKET	g6	1	01-07-24 8:24	0.01
9802595980	OIL SEPAR SEAL	g6	1	23-08-24 12:38	631.89
9802774480	SELF-TAP SCREWS	g6	5	01-07-24 8:24	0.01
9802840180	SPARK-PLUG	E1	2	13-11-23 16:09	192.26
9804617380	CYL HEAD GASKET	g6	1	13-01-25 12:03	616.73
9805552080	AIR FILTER	E2	3	13-06-25 12:51	290.75
9805961480	BRAKE DISC (W)	G5	2	08-08-23 14:04	0.01
9807710580	NUT WITH BASE	g6	4	17-07-23 9:46	9.11
9807776680	SPARK-PLUG	E1	17	07-07-22 9:50	0.01
9808772880	HEAT SHIELD	g6	1	05-11-24 9:43	711.36
9808772880	HEAT SHIELD	g6	1	28-08-24 15:22	711.36
9809148680	FIXING CLAMP	g6	2	29-10-24 15:03	1265.22
9809532380	OIL FILTER	E4	12	01-04-25 9:47	209.04
9810177780	TAPER HEX SCREW	g6	8	09-10-24 13:23	9.82
9811909980	INTAKE PIPE	WORKSHOP	1	29-04-25 14:51	3309.3
9814015480	HALF BEARING	WORKSHOP	4	24-06-25 11:07	203.36
9814639380	PLATE GASKET	g6	1	03-10-24 14:50	408.84
9815106580	POLLEN FILTER	E2	12	18-06-24 16:23	291.33
9815106780	CHARCOAL FILTER	E2	18	29-02-24 12:34	426.05
9818914980	OIL FILTER	E4	18	25-06-25 15:07	158.83
9820932180	HALF BEARING	g6	3	26-02-25 13:32	710.27
9821501880	PREMIUM FILTER	E2	24	27-09-24 15:50	571.19
9824498980	WATER PIPE	g6	1	01-07-24 8:24	0.01
9826618580	WATER PUMP BELT	g6	3	14-08-24 8:02	391.18
9828646780	NUT WITH BASE	g6	4	16-08-24 15:58	22.23
9829427680	FLAT BLADE	hang	1	19-02-24 16:36	343.86
9829930180	SPARK-PLUG	E1	17	04-06-25 14:21	236.45
98327624VT	STEEL WHEEL	E2	1	08-08-23 14:04	0.01
9833350880	POLLEN FILTER	E2	29	11-01-24 12:53	187.55
9833351080	CHARCOAL FILTER	E3	71	13-06-25 12:54	439.25
9833964280	SPARK-PLUG	E1	7	13-06-25 12:48	223.95
9835304280	CRANKSHAFT SEAL	g6	2	17-12-24 10:32	667.02
9836494080	SPARK-PLUG	E1	24	07-04-25 14:03	42.85
9836527180	OIL FILTER	E4	27	25-06-25 15:07	57.26
9837408880	ENGINE OIL PUMP	g6	1	27-03-25 9:07	3018.18
9837944080	SET OF REAR MUD FLAP	g6	1	08-08-23 14:04	0.01
9837944180	SET OF FRONT MUDFLAP	g6	1	08-08-23 14:04	0.01
9838225480	HALF-BEARING	g6	1	13-05-25 11:23	413.37
9841493780	RE-SUCTION PIPE	g6	1	01-07-24 8:24	0.01
9842475680	AIR FILTER	E2	5	27-05-25 14:47	172.69
9842490180	4 BRAKE PADS/F	g6	1	13-05-25 11:38	835.83
9844496580	POLLEN FILTER	E3	45	10-06-25 11:40	174.44
9845121380	DRN PLUG GASKET	g6	8	13-06-25 12:48	21.76
9849256680	HALF BEARING	g6	1	03-10-24 14:51	227.93
9853940880	CHARCOAL FILTER	E2	4	13-06-25 12:51	197.84
9855992580	HALF-FLANGE	g6	4	26-02-25 13:31	134.16
AC70	CABIN FILTER	G2	1	29-05-25 13:02	70
AC838	94752782/B-STAB CHEV UTE	G2	1	03-03-25 8:47	64.6
AD/0001L	LARGE PVC INSULATION TAPE	G3	1	30-06-25 8:50	25.4
AFO.F0035	PETROL FILTER PEU	G2	2	01-07-24 8:24	0.01
AG1353	AIR CLENER	G2	1	29-05-25 13:02	93
AG1503	AIR CLEANER	G2	1	25-02-25 11:51	98
AG1545	AIR FILTER	G2	3	18-06-25 8:24	105.65
AG1726	AIR FILTER	G2	1	08-08-23 14:04	0.01
AG1776	A/F 108	G2	1	11-09-24 11:27	107.9
AG883	AIR FILTER	G2	11	24-03-25 15:31	73.59
AG999	AIR FILTER	G2	2	21-05-25 11:18	82
AHS55900	CH SET TATA DP	WORKSHOP	1	08-10-24 9:50	1240
AR8834	SHOCK MOUNTS DP	WORKSHOP	2	04-03-25 10:30	584
B000923680	DOOR HINGE	g6	1	08-08-23 14:04	0.01
B000923880	DOOR HINGE	g6	1	08-08-23 14:04	0.01
B000975480	POLLEN FILTER	E2	1	01-11-24 8:31	276.28
BCP6ES	SPARK PLUGS	E1	4	01-07-24 8:24	0.01
BD4752	BRAKE DISC	G2	1	02-09-24 8:09	782.5
BD9387	D PADS RR B16 ASTRA K	G3	1	01-07-24 8:24	0.01
BD9413	CHEV T/BLAZER RR B PADS	G3	1	05-07-24 15:20	516.52
BH1750	BATTERY HOLDOWN	hang	1	08-08-23 14:04	0.01
BKR5EK	SPARK PLUG	E1	12	16-05-25 7:29	49.83
BKR6E	SPARK PLUGS AVEO 1.6	E1	4	22-01-25 14:39	36.67
BKR6EK	SPARK PLUG NGK	E1	2	18-06-25 13:57	45.86
BOT402-1LT	OIL; TRANSMISSION	LUBRICANT	7	31-03-25 11:32	193.14
BPR5EY	SPARK PLUG	E1	29	07-03-25 15:14	38.34
BPR6ES	SPARK PLUG	E1	3	15-04-25 10:41	31.95
BR13066	STONE BRAKE DISC F-VENTED	G3	2	23-05-25 11:13	410
ca7111	Control arms	WORKSHOP	1	29-08-23 9:45	1780
CASTROLGTD	J-MAX PLUS 15W40	BULK OIL	135.7	25-09-24 10:34	46.28
CKCU140-B	CLUTCH KIT	E9	3	09-12-24 15:07	927.85
COF100138S	OIL FILTER CHAMPION	G2	1	13-02-24 11:15	53.82
CR2450	REMOTE BATTERY	E1	1	08-05-25 11:19	66.25
CS246	CONTROL ARMS DP	WORKSHOP	2	22-01-25 14:35	980
CS814R	LOWER CONTROL ARMS	WORKSHOP	1	21-02-25 12:31	1510
cs815R	CONTROL ARM R	WORKSHOP	1	19-10-22 13:39	2300
CSSMZ463AA	FILTER FUEL/WATER SEPARATOR	E9	5	30-06-25 14:45	3009.41
CSUP10B1AA	IMPROVEMENT KIT	E9	6	04-03-25 10:59	46.58
CUSK1	UTE SERVICE KIT 1.4 (2012-)	G2	2	05-07-24 9:36	250.7
D0020	DOOR LUBE	E1	13	07-07-22 9:50	0.01
d3420	pads DP	WORKSHOP	1	07-05-25 10:50	252.17
d3947	pads rr	G3	1	08-08-24 12:14	320
D3S	BULB XENON	E1	2	26-05-25 10:50	850
DCPR8E	SPARK PLUGS	E1	22	27-02-25 10:59	61.93
dopwsg	SERVICE BOOK OPEL	E1	2	22-05-24 10:39	30.01
DR6505	BRAKE DISC FRONT	G3	2	17-06-25 13:31	609.5
DR7489	OPEL MOKKA FR-DISCS	G3	2	01-07-24 8:24	0.01
E146124	E:POL FILTER	E2	1	24-06-25 10:30	126.6
E149134	E:OIL FILTER PSA	E4	9	13-06-25 12:51	92.24
E160	FUEL FILTER AVEO	G2	3	20-06-25 11:53	65
E67	FUEL FILTER	G2	4	13-03-25 15:51	52.64
EF55	WIPER BLADE FLAT	hang	2	13-02-23 8:44	79.45
EJ501ESJ000	CARGO TRY RUBBER MAT	JACQUES	1	24-01-25 8:05	1232.5
EVAR981	VALVE INL TATA DP	WORKSHOP	8	08-10-24 9:50	72
FDB1337	FRNT PADS SPARK 1.0	G3	1	08-08-23 14:04	0.01
FDB1399	BRAKE PADS FR PEU/CROSSLAND	G3	1	06-11-24 8:21	365
FDB1424	DPADS OPE CRSA 02/UTE	G3	1	22-04-25 14:51	270
FDB1699	BRAKE PADS 1.2 spark	G3	1	31-10-24 10:48	320
fdb4263	REAR PADS	G3	1	30-10-24 15:43	290
FDR329801	DRUMS RR 1.4ESSEN	G3	2	07-07-22 9:50	0.01
G42386928-00	ELEMENT A-AIR CLEANER	E2	14	24-06-25 10:30	214.75
G52056627	FILTER ASM-PASS COM	E2	2	12-06-25 14:44	92.66
G93156245	FILTER OIL - ISU 2.	E4	10	27-05-25 14:47	54.35
H1	HIGH BEAM	E1	5	15-04-24 14:41	17
H11	BULB	E1	1	31-10-24 10:46	61.53
H9	BULB	E1	4	01-07-24 8:24	0.01
HB5324	HUB OPEL	G3	2	27-02-25 12:36	360
HOSECLAMP	HOSECLAMP VARIOUS SIZES	G2	41	26-03-25 7:58	20.96
K0879Y0010	PEA CARBON CLEANER	LUBRICANT	2	25-04-25 14:59	258.5
KAP-K651-1LT	1LT HARDENER	JASON	2	24-06-25 14:17	273.91
KITD4D	HIL/Z217A/AG1136R/G1142/AC72 FILTERS	G2	1	01-07-24 8:24	0.01
L0000168	BULB NONE	E8	20	21-05-25 14:43	17.56
L0003157	BULB NONE	E8	10	19-05-25 10:29	73.89
LJ5010SJ100SSA	CARPET MAT CVT	G4	2	03-03-23 16:26	722.5
LKR6D10E	KIA S/PLUGS	E1	4	16-01-25 12:36	103
M71	OIL FILTER	G2	3	16-05-25 7:26	49.25
N1074	AMBER BULBS 12V 21W	E1	10	13-11-24 11:08	6.54
N207	BULB GLOBE 12VR5W	E1	2	11-04-25 12:05	4
N580	12V/21-5W WHALE TAIL D/C BULB	E1	10	03-12-24 11:14	13.55
NPH	NUMBER PLATE HOLDER	G4	25	18-08-22 8:30	43
NPHBL	NUMBER  PLATE HOLDER (MEYERS)	G4	193	30-06-25 10:54	32.02
NPHRED	NUMBER PLATE HOLDERS RED MCB	G4	50	20-05-24 9:12	31.99
NPHWHITE	NUMBER PLATE HOLDER WHITE PREMIUM SELECT	G4	39	01-07-24 8:24	0.01
NPN02	NPN02	JASON	1	24-06-25 14:17	476.52
O95L3213683	QUARTZ INEO ECS 5W30	LUBRICANT	7	27-11-24 10:21	508.51
O95L3214315	Quartz Ineo HTC 5W30	LUBRICANT	0.7	19-03-25 14:43	541.81
O991L227529	TOTAL QUARTZ 9000 0W20	LUBRICANT	2.5	30-05-25 14:39	104.45
O9L1L213768	QUARTZ INEO ECS 5W30 (1L)	BULK OIL	924.93	10-04-25 10:25	76.78
O9L1L213768	Quartz Ineo ECS 5W30	LUBRICANT	18	09-06-25 11:01	100.8
OIL-1	5W30 OIL 1 LITRE	LUBRICANT	54.5	30-10-24 11:35	52.33
OIL-2	15W40 OIL 5 LITRE	LUBRICANT	2	09-01-25 10:18	198
OP352	OPEL CORSA UTE TOWBAR	WORKSHOP	1	05-07-23 10:19	3750
P2175	PADS RR DP	WORKSHOP	1	12-12-24 17:01	670.43
PLZKBR7B8DG	SPARK PLUG	E1	3	22-11-24 15:23	149.81
PTR5A13	SPARK PLUGS	E1	12	27-05-25 14:05	112.93
PZFR6R	SPARK PLUG	E1	4	26-05-25 13:54	161.75
R43XLS	SPARK PLUGS	E1	4	07-07-22 9:50	0.01
RACIZ0112A	CONDENSER KB6	JASON	1	24-06-25 14:16	1597
RDIZ0112C	RADIATOR	JASON	1	24-06-25 14:16	1963
S.INJCLEAN/P	INJ CLEANER (P)	LUBRICANT	2	08-08-23 14:04	0.01
SH1377	DISINFECTANT SPRAY	LUBRICANT	8	08-08-23 14:04	0.01
sh47	TOOL IN A CAN MULTI	LUBRICANT	9	28-05-25 15:01	44.86
SP0ZFR5F11	SPARK PLUG NONE	E8	4	25-06-25 15:32	193.44
SP143877AB	SPARK PLUG NONE	unknown	5	24-06-25 11:43	484.3
SP149125AF	SPARK PLUG NONE	E8	12	18-06-25 11:17	409.46
SP303917AC	SPARK PLUG NONE	E8	2	24-06-25 11:18	417.43
SP38500	PADS FRT BOXER	G3	1	01-07-24 8:24	0.01
SP85240	BRAKE PAD SET FRONT	G3	3	01-07-24 8:24	0.01
SPLZFR5C11	SPARK PLUG NONE	E8	8	04-03-25 10:39	136.1
SPZFR6F11G	SPARK PLUG NONE	E8	6	15-05-25 15:21	137.62
TA015DM04	Mirror rh elec DP	WORKSHOP	1	05-02-25 14:13	790
TR6161	STABILIZER LINKS DP	WORKSHOP	2	22-01-25 14:35	205
UTETBK-140	TIMING KIT(UTE 1.4 & 1.8)	E6	5	27-05-25 14:05	487.96
wb-a141	water bottle spark	G2	2	30-10-24 15:07	109.67
WBU16R	BLADES	hang	3	09-06-25 16:42	117
WBU18R	UTE WIPER BLADE	hang	3	29-05-25 9:05	148
WBU19R	WIPER BLADE	hang	2	07-01-25 14:11	144
WBU20R	RHS DRV WIPER BLADE	hang	1	29-05-25 9:05	148
WBU21R	W/BLADE UTE	hang	2	29-05-25 9:05	158.2
WBU26R	BLADE	hang	2	10-04-25 14:46	170
WBU28R	CT W/BLADE 28''	hang	1	07-01-25 14:11	198
WC6402	WHEEL CYL ASM AVEO/1.2 spark	G3	2	04-12-23 11:31	108.75
WP180	W PAPER 180G	E1	5	08-08-23 14:04	0.01
WP2132	filter - cabin - pollen	G2	1	09-03-23 11:43	130.51
Z156	PH4722/OIL FILTER	G3	15	27-05-25 14:05	34.93
Z562	OIL FILTER;SPARK	G3	1	11-03-25 15:58	58
Z685	OIL FILTER	G3	2	17-06-25 13:39	83
ZACHEVKIT1468	CHEV UTILITY KIT	E9	6	11-12-24 14:36	525
ZFR5F11	SPARK PLUGS	E1	12	27-08-24 13:24	55.94
Zfr6f-11	Plugs	E1	4	18-10-24 12:06	56
ZFR6U9	SPARK PLUGS	E1	6	19-03-25 11:07	56.34
